Studentid,firstname,lastname,email,Date of Exam,Marks,Percentage,City,Country,Country Code
100,Ana,Garlinda,Ana.Garlinda@yopmail.com,1934-10-15,772,72.4097,Ahmedabad,Bulgaria,CO
101,Sabina,Skurnik,Sabina.Skurnik@yopmail.com,2015-09-26,824,75.7137,Alofi,China,TR
102,Adore,Merell,Adore.Merell@yopmail.com,1911-08-13,160,55.3714,Semarang,Yemen,ER
103,Clary,Vanni,Clary.Vanni@yopmail.com,1939-08-16,386,66.8211,Ndola,Saint Pierre and Miquelon,FK
104,Tybie,Turne,Tybie.Turne@yopmail.com,1987-08-11,812,70.6931,Belmopan,"Iran, Islamic Republic Of",BM
105,Karly,Cassius,Karly.Cassius@yopmail.com,1986-02-20,299,61.0949,Cincinnati,Palau,IE
106,Giustina,Bow,Giustina.Bow@yopmail.com,1975-04-21,609,43.5898,Ankara,Guyana,NC
107,Babita,Federica,Babita.Federica@yopmail.com,1903-05-15,786,61.555,Cayenne,Armenia,GH
108,Jenilee,Rustice,Jenilee.Rustice@yopmail.com,1923-08-23,486,92.7945,Kanpur,"Macedonia, The Former Yugoslav Republic of",JO
109,Aeriela,Fennessy,Aeriela.Fennessy@yopmail.com,2004-12-02,831,57.8323,Cleveland,Kazakhstan,NU
110,Ann-Marie,Cyrie,Ann-Marie.Cyrie@yopmail.com,2011-02-18,804,60.3973,Geneva,Finland,CD
111,Jemie,Zamora,Jemie.Zamora@yopmail.com,1902-06-26,732,62.2419,Quebec City,Ireland,AR
112,Demetris,Robertson,Demetris.Robertson@yopmail.com,1948-02-21,13,45.6573,Montevideo,American Samoa,TR
113,Nariko,Joseph,Nariko.Joseph@yopmail.com,2015-11-10,16,33.2215,Taichung,Guinea,HM
114,Pollyanna,Liebermann,Pollyanna.Liebermann@yopmail.com,1990-07-03,265,40.4232,Riga,Kenya,GF
115,Lizzie,Breed,Lizzie.Breed@yopmail.com,1954-10-01,213,68.5653,Rio de Janeiro,Bangladesh,SI
116,Benita,Iaverne,Benita.Iaverne@yopmail.com,1940-02-20,970,70.1119,Mandurah,Malawi,MW
117,Ileana,Lipson,Ileana.Lipson@yopmail.com,1977-06-17,651,48.5338,Quito,Colombia,SC
118,Rayna,Gahl,Rayna.Gahl@yopmail.com,1999-07-12,984,33.9769,Durango,Maldives,DK
119,Nollie,Ailyn,Nollie.Ailyn@yopmail.com,1973-01-17,898,92.1014,Dodoma,"Cote D""Ivoire",AL
120,Stevana,Yuille,Stevana.Yuille@yopmail.com,1961-05-12,41,31.3859,Guadalajara,"Congo, The Democratic Republic of the",TF
121,Lucy,Kalinda,Lucy.Kalinda@yopmail.com,1924-02-23,533,85.6962,Almaty,Russian Federation,IR
122,Zaria,Graig,Zaria.Graig@yopmail.com,1978-04-19,386,41.9912,Jaipur,Finland,SK
123,Tatiania,Hebner,Tatiania.Hebner@yopmail.com,1967-04-11,264,51.8821,Colombo,Jersey,VC
124,Zsa Zsa,Kauppi,Zsa Zsa.Kauppi@yopmail.com,1979-05-05,60,63.4026,Daegu,Norfolk Island,IQ
125,Leontine,Margarete,Leontine.Margarete@yopmail.com,1964-12-27,345,89.4788,Kolkata,Christmas Island,MA
126,Nikki,Graig,Nikki.Graig@yopmail.com,1900-05-31,375,53.0045,Austin,Solomon Islands,AQ
127,Ashlee,Loleta,Ashlee.Loleta@yopmail.com,1916-03-01,338,46.2091,Cayenne,American Samoa,WS
128,Blake,Constancy,Blake.Constancy@yopmail.com,1946-01-16,638,80.1045,Santiago de Cuba,Turks and Caicos Islands,ZA
129,Alia,Peonir,Alia.Peonir@yopmail.com,1975-09-03,488,46.9065,Thessaloniki,Portugal,SY
130,Barbi,Leler,Barbi.Leler@yopmail.com,1960-01-17,658,40.4942,Longyearbyen,Northern Mariana Islands,TZ
131,Cherrita,Wadell,Cherrita.Wadell@yopmail.com,1922-12-05,550,59.6551,City of Halifax,Congo,PE
132,Aurelie,Dichy,Aurelie.Dichy@yopmail.com,1963-10-07,543,75.4704,Hamilton,Zimbabwe,GR
133,Gwyneth,Ephrem,Gwyneth.Ephrem@yopmail.com,1961-07-15,145,52.5432,Jacksonville,Liberia,HM
134,Karolina,Celestine,Karolina.Celestine@yopmail.com,1989-09-26,717,79.9032,Dakar,Latvia,RE
135,Orsola,Grayce,Orsola.Grayce@yopmail.com,1935-06-18,39,77.0085,New York City,Western Sahara,TL
136,Brianna,Fillbert,Brianna.Fillbert@yopmail.com,1989-06-06,432,61.7081,Surabaya,Chad,BG
137,Lexine,Cosenza,Lexine.Cosenza@yopmail.com,1937-10-11,791,60.7407,Shillong,Malaysia,FR
138,Teddie,Raimondo,Teddie.Raimondo@yopmail.com,2002-05-26,989,93.4074,Chongqing,Mexico,ET
139,Ricky,Sikorski,Ricky.Sikorski@yopmail.com,1940-10-30,145,82.2774,Kuala Lumpur,Maldives,US
140,Darlleen,Rebecka,Darlleen.Rebecka@yopmail.com,1939-08-27,861,60.0664,Iqaluit,"Korea, Democratic People""S Republic of",CV
141,Lorenza,Dyche,Lorenza.Dyche@yopmail.com,1967-12-18,916,83.9271,Incheon,Pitcairn,GP
142,Evita,Pattin,Evita.Pattin@yopmail.com,2018-08-19,772,84.1579,Incheon,Ethiopia,PF
143,Andree,Virgin,Andree.Virgin@yopmail.com,1905-02-07,616,74.1588,Johor Bahru,Czech Republic,DK
144,Florencia,Revkah,Florencia.Revkah@yopmail.com,1903-09-21,174,33.3638,Montreal,"Macedonia, The Former Yugoslav Republic of",GR
145,Katleen,Hurley,Katleen.Hurley@yopmail.com,2018-04-20,577,34.194,Ilhéus,Croatia,MT
146,Aigneis,Kirbee,Aigneis.Kirbee@yopmail.com,1969-05-24,874,95.8185,Beirut,Romania,MD
147,Winifred,Terencio,Winifred.Terencio@yopmail.com,1914-11-24,687,78.5623,Hilo,United Arab Emirates,ER
148,Veda,Mendez,Veda.Mendez@yopmail.com,1904-10-15,218,95.175,Miami,Ecuador,LT
149,Brena,Maisey,Brena.Maisey@yopmail.com,1903-02-12,683,93.4354,Pattaya,British Indian Ocean Territory,VN
150,Damaris,Kellby,Damaris.Kellby@yopmail.com,1908-10-17,413,92.6395,Bangkok,"Korea, Republic of",UM
151,Nerta,Schonfeld,Nerta.Schonfeld@yopmail.com,1944-06-02,145,41.3174,Prague,Denmark,CL
152,Morganica,Brian,Morganica.Brian@yopmail.com,1964-02-08,988,35.7242,Surabaya,Romania,BV
153,Rhoda,Israeli,Rhoda.Israeli@yopmail.com,2012-03-28,613,73.8518,Baku,Timor-Leste,SY
154,Corly,Sibyls,Corly.Sibyls@yopmail.com,1951-01-14,195,37.6317,Belém,Morocco,SA
155,Cristine,Jillane,Cristine.Jillane@yopmail.com,1904-05-17,320,69.3868,Jeddah,Jersey,BJ
156,Hildegaard,Edison,Hildegaard.Edison@yopmail.com,1915-01-21,169,77.6272,Brikama,Mongolia,PE
157,Antonietta,Sholley,Antonietta.Sholley@yopmail.com,1982-02-08,6,47.6122,Denpasar,Monaco,CN
158,Stevana,Ashok,Stevana.Ashok@yopmail.com,1934-06-04,349,49.7242,Damascus,Netherlands Antilles,NO
159,Tami,Cherianne,Tami.Cherianne@yopmail.com,1900-04-19,930,68.7182,Cape Town,Antigua and Barbuda,CN
160,Suzette,Pulsifer,Suzette.Pulsifer@yopmail.com,1920-08-10,119,51.9162,Seattle,Singapore,SV
161,Corina,Bach,Corina.Bach@yopmail.com,1963-08-20,632,97.5138,Punta Arenas,Tonga,MU
162,Marika,Margarete,Marika.Margarete@yopmail.com,1991-05-24,578,84.7901,Yamoussoukro,Eritrea,GL
163,Briney,Borrell,Briney.Borrell@yopmail.com,1947-11-07,624,97.4455,Monaco,Slovakia,PY
164,Brianna,Orelee,Brianna.Orelee@yopmail.com,1970-10-04,591,59.052,Munich,RWANDA,MW
165,Elsie,Anestassia,Elsie.Anestassia@yopmail.com,1945-09-10,861,97.532,San Francisco,Senegal,JP
166,Gusty,Alabaster,Gusty.Alabaster@yopmail.com,1909-06-14,504,94.4453,El Aaiún,Turkmenistan,CK
167,Queenie,Goddard,Queenie.Goddard@yopmail.com,1937-01-04,920,92.4433,Wollongong,Latvia,BJ
168,Belinda,Manolo,Belinda.Manolo@yopmail.com,2014-07-29,719,53.9172,Curitiba,Mongolia,NE
169,Penelopa,Pip,Penelopa.Pip@yopmail.com,1901-06-26,502,70.2128,Anchorage,Anguilla,SR
170,Ada,Dichy,Ada.Dichy@yopmail.com,2003-08-10,391,81.8008,Port of Spain,Qatar,AT
171,Karolina,Hortensia,Karolina.Hortensia@yopmail.com,1914-08-18,580,54.854,Jersey City,Denmark,BM
172,Wynne,Curren,Wynne.Curren@yopmail.com,2006-01-07,146,58.2179,Denver,Angola,FI
173,Michaelina,Adamsen,Michaelina.Adamsen@yopmail.com,1956-05-01,17,76.5349,Austin,Saint Helena,AL
174,Raf,Bartlett,Raf.Bartlett@yopmail.com,2000-04-11,425,70.9292,Managua,Benin,GE
175,Jasmina,Weaks,Jasmina.Weaks@yopmail.com,1936-05-22,920,48.7057,Boston,Saint Helena,BR
176,Darlleen,Giule,Darlleen.Giule@yopmail.com,2009-01-18,157,78.6408,Jinan,Sao Tome and Principe,UG
177,Tatiania,Shanley,Tatiania.Shanley@yopmail.com,1977-12-17,198,99.8685,Oklahoma City,Malaysia,NC
178,Fanny,Toffic,Fanny.Toffic@yopmail.com,1983-03-30,240,100.0302,Basra,Ukraine,GB
179,Lolita,Phyllis,Lolita.Phyllis@yopmail.com,1914-10-02,975,68.2359,Pyongyang,Belarus,CF
180,Ida,Gordon,Ida.Gordon@yopmail.com,1974-08-26,944,96.4103,Macapá,Finland,CX
181,Shel,Grosz,Shel.Grosz@yopmail.com,1994-01-25,693,99.4827,Surat,Norway,AI
182,Ottilie,Eliathas,Ottilie.Eliathas@yopmail.com,1918-02-11,671,49.0942,Odessa,"Korea, Republic of",BA
183,Myriam,Ellerey,Myriam.Ellerey@yopmail.com,1997-03-12,33,34.2196,Stuttgart,Japan,EG
184,Taffy,Nedrud,Taffy.Nedrud@yopmail.com,1932-08-24,241,74.064,Cebu City,Somalia,GU
185,Gertrud,Mott,Gertrud.Mott@yopmail.com,1932-11-19,29,44.169,Changchun,Antigua and Barbuda,IM
186,Jordan,Thar,Jordan.Thar@yopmail.com,1908-11-13,324,67.057,San Carlos de Bariloche,Heard Island and Mcdonald Islands,BT
187,Rebeca,Charmine,Rebeca.Charmine@yopmail.com,2009-12-01,163,38.941,Gold Coast,Latvia,TR
188,Max,Gladstone,Max.Gladstone@yopmail.com,1981-12-23,182,38.418,Davao City,Panama,MC
189,Berget,Kylander,Berget.Kylander@yopmail.com,1942-07-29,92,76.4869,Timbuktu,French Southern Territories,GL
190,Harmonia,Dorcy,Harmonia.Dorcy@yopmail.com,1950-11-08,859,61.74,Anadyr (town),Saint Lucia,IE
191,Fanny,Martguerita,Fanny.Martguerita@yopmail.com,1975-07-03,262,99.4543,Tucson,"Moldova, Republic of",GL
192,Renae,Mike,Renae.Mike@yopmail.com,1964-02-02,482,95.7731,Lagos,Marshall Islands,AQ
193,Steffane,Cimbura,Steffane.Cimbura@yopmail.com,1908-10-26,949,57.8038,Rockhampton,Bulgaria,CI
194,Millie,Daegal,Millie.Daegal@yopmail.com,1966-09-29,119,35.1358,City of San Marino,Burkina Faso,GQ
195,Karina,Amethist,Karina.Amethist@yopmail.com,1923-12-13,857,59.6561,Faisalabad,Syrian Arab Republic,BS
196,Gabi,Orpah,Gabi.Orpah@yopmail.com,1972-04-07,126,54.3326,Belém,Belarus,PH
197,Jillayne,Holtz,Jillayne.Holtz@yopmail.com,1970-07-10,987,36.673,Weno,Albania,GG
198,Eve,Breed,Eve.Breed@yopmail.com,2009-11-09,738,72.5509,Hagåtña,Guinea-Bissau,GI
199,Dale,Guthrie,Dale.Guthrie@yopmail.com,1977-09-18,728,49.9343,Bursa,Haiti,MP
200,Laure,Colp,Laure.Colp@yopmail.com,2005-02-21,423,54.0694,Kandy,Sao Tome and Principe,CI
201,Letizia,Pitt,Letizia.Pitt@yopmail.com,2004-10-04,209,48.0623,Lahore,Ghana,JM
202,Joane,Kesley,Joane.Kesley@yopmail.com,1904-06-30,333,92.8199,Makassar,Saudi Arabia,TZ
203,Linzy,Kylander,Linzy.Kylander@yopmail.com,1938-12-27,16,85.7723,Prague,France,VI
204,Sadie,Wadell,Sadie.Wadell@yopmail.com,1984-01-27,85,60.9101,Istanbul,Venezuela,RU
205,Marika,Terrence,Marika.Terrence@yopmail.com,1969-09-03,876,90.7177,Basse-Terre,Estonia,AU
206,Aeriela,Malanie,Aeriela.Malanie@yopmail.com,1945-02-27,65,56.4333,Stockholm,Aruba,RW
207,Joelly,Florina,Joelly.Florina@yopmail.com,1904-12-13,578,44.1821,Adana,Åland Islands,LR
208,Sandie,Mallon,Sandie.Mallon@yopmail.com,1917-05-12,343,74.8521,Melekeok,Puerto Rico,GW
209,Alia,Jorgan,Alia.Jorgan@yopmail.com,1916-07-02,588,81.0366,Gaza,Philippines,DJ
210,Cecile,Tomasina,Cecile.Tomasina@yopmail.com,2007-01-14,647,76.2489,Monterrey,Sao Tome and Principe,JE
211,Cyb,Florina,Cyb.Florina@yopmail.com,2017-08-06,923,57.111,Moscow,Philippines,LK
212,Maurene,Joeann,Maurene.Joeann@yopmail.com,1925-01-26,878,87.0419,Graz,Portugal,MZ
213,Vonny,Kirstin,Vonny.Kirstin@yopmail.com,2000-11-11,606,44.4732,Omdurman,United Kingdom,AO
214,Sissy,Ehrman,Sissy.Ehrman@yopmail.com,1903-12-30,31,79.674,Hamilton,Mongolia,VE
215,Tressa,Isacco,Tressa.Isacco@yopmail.com,1980-08-04,705,51.7962,Ndola,Afghanistan,WF
216,Amii,Vilma,Amii.Vilma@yopmail.com,2008-08-20,679,88.4466,Tripoli,Norfolk Island,KP
217,Claresta,Catie,Claresta.Catie@yopmail.com,1951-08-12,811,99.6392,Cayenne,Libyan Arab Jamahiriya,NL
218,Zia,Gaulin,Zia.Gaulin@yopmail.com,1971-03-08,894,85.4004,Hyderabad,Yemen,NE
219,Mallory,Roxanna,Mallory.Roxanna@yopmail.com,1983-07-07,683,37.484,Buffalo,Germany,CG
220,Zsa Zsa,Ade,Zsa Zsa.Ade@yopmail.com,1909-12-27,253,51.5759,Puebla,Wallis and Futuna,MC
221,Rubie,Rozanna,Rubie.Rozanna@yopmail.com,1942-12-29,811,31.7639,Yerevan,Åland Islands,VC
222,Jinny,Dimitris,Jinny.Dimitris@yopmail.com,1981-02-20,73,94.9969,Puerto Williams,Heard Island and Mcdonald Islands,AS
223,Ursulina,Herrera,Ursulina.Herrera@yopmail.com,1962-07-30,780,58.2564,Arbil,Swaziland,WF
224,Caryl,Weide,Caryl.Weide@yopmail.com,1997-05-24,150,49.1148,Alor Star,Israel,MT
225,Maye,Lea,Maye.Lea@yopmail.com,2004-10-01,939,67.726,Cartagena,Falkland Islands (Malvinas),MZ
226,Ursulina,Peonir,Ursulina.Peonir@yopmail.com,2019-10-09,749,95.9078,Yamoussoukro,Finland,MV
227,Charmaine,Campball,Charmaine.Campball@yopmail.com,1945-03-11,656,54.8099,Sucre,Mali,MR
228,Nickie,Infield,Nickie.Infield@yopmail.com,1990-04-30,676,35.3878,Atlanta,"Tanzania, United Republic of",KP
229,Tarra,Brieta,Tarra.Brieta@yopmail.com,1944-09-27,291,76.118,Enugu,Trinidad and Tobago,BF
230,Dagmar,Nisbet,Dagmar.Nisbet@yopmail.com,1987-12-27,725,94.4163,Bratislava,Brunei Darussalam,FO
231,Wynne,Truc,Wynne.Truc@yopmail.com,1933-07-17,726,93.6654,Hanoi,Gabon,FK
232,Perry,Denis,Perry.Denis@yopmail.com,1926-07-31,209,45.627,Innsbruck,Slovakia,LC
233,Tina,Quent,Tina.Quent@yopmail.com,1996-12-15,273,66.9472,Cotonou,Denmark,AU
234,Alie,Joni,Alie.Joni@yopmail.com,1909-11-11,795,98.9455,Buenos Aires,Reunion,CX
235,Dominga,Hedve,Dominga.Hedve@yopmail.com,1978-10-09,492,56.8948,Toronto,Austria,DJ
236,Tarra,Lasley,Tarra.Lasley@yopmail.com,2001-12-26,696,54.5819,Port of Spain,Japan,FO
237,Zondra,Merell,Zondra.Merell@yopmail.com,1953-03-21,226,41.6938,Dunedin,Haiti,JP
238,Fayre,Francene,Fayre.Francene@yopmail.com,1967-05-13,494,78.7811,Dresden,Guinea-Bissau,TZ
239,Alleen,Lia,Alleen.Lia@yopmail.com,1953-05-29,647,69.7189,Xining,"Tanzania, United Republic of",TM
240,Raquela,Rese,Raquela.Rese@yopmail.com,1997-04-02,943,92.2812,Apia,Austria,PN
241,Cindelyn,McNully,Cindelyn.McNully@yopmail.com,1944-03-21,911,73.7313,Abidjan,French Southern Territories,AF
242,Katuscha,Hanshaw,Katuscha.Hanshaw@yopmail.com,2003-10-17,522,45.0851,Tallinn,Norway,BZ
243,Shandie,Holbrook,Shandie.Holbrook@yopmail.com,2014-07-13,898,48.4641,Tashkent,Philippines,UA
244,Kerrin,Means,Kerrin.Means@yopmail.com,1936-02-14,532,93.183,San Antonio,Cocos (Keeling) Islands,PG
245,Ernesta,Jerald,Ernesta.Jerald@yopmail.com,1988-05-06,686,92.6206,Buffalo,Christmas Island,CC
246,Daphne,Fitzsimmons,Daphne.Fitzsimmons@yopmail.com,1985-10-01,877,95.9727,Santo Domingo,Russian Federation,TK
247,Cecile,Jacobah,Cecile.Jacobah@yopmail.com,1993-12-29,187,71.324,Nouméa,Benin,CA
248,Beth,Cristi,Beth.Cristi@yopmail.com,1970-01-08,707,85.2155,Adamstown,Singapore,SY
249,Rosanne,Si,Rosanne.Si@yopmail.com,1915-05-17,484,64.5873,Luanda,Netherlands Antilles,ST
250,Riannon,Avi,Riannon.Avi@yopmail.com,2005-06-18,853,36.2712,Samara,Guinea,AE
251,Aurore,Killigrew,Aurore.Killigrew@yopmail.com,1954-08-21,892,69.1959,Detroit,Sweden,GL
252,Constance,Harriman,Constance.Harriman@yopmail.com,1920-09-15,576,30.8458,Porto,Sri Lanka,SA
253,Catrina,Brotherson,Catrina.Brotherson@yopmail.com,1956-02-14,546,40.0421,Hangzhou,Slovakia,BW
254,Chloris,August,Chloris.August@yopmail.com,1995-07-27,65,94.3262,Invercargill,Iceland,KE
255,Charlena,Arne,Charlena.Arne@yopmail.com,1994-07-26,494,100.9539,Harbin,Kazakhstan,CK
256,Kaja,Bryna,Kaja.Bryna@yopmail.com,2003-09-19,398,91.6457,Rabi Island,Holy See (Vatican City State),SA
257,Goldie,Berne,Goldie.Berne@yopmail.com,2019-01-23,589,80.3351,Wellington,Jordan,SE
258,Katuscha,Giff,Katuscha.Giff@yopmail.com,1941-05-19,926,78.6278,Cleveland,Mozambique,MH
259,Ermengarde,Gilbertson,Ermengarde.Gilbertson@yopmail.com,2016-05-28,29,94.5113,Gaziantep,Hungary,MO
260,Gloria,Helve,Gloria.Helve@yopmail.com,1996-11-23,79,75.1262,Bratsk,Samoa,BF
261,Jan,Bonucci,Jan.Bonucci@yopmail.com,1913-04-15,801,42.5225,Iqaluit,Pitcairn,CZ
262,Thalia,Shaddock,Thalia.Shaddock@yopmail.com,1905-07-15,628,72.5604,Xining,Afghanistan,PG
263,Dianemarie,Drus,Dianemarie.Drus@yopmail.com,1960-06-04,581,99.0053,Perm,Argentina,RW
264,Suzette,Killigrew,Suzette.Killigrew@yopmail.com,1934-03-08,356,33.1401,Arbil,San Marino,TM
265,Lauryn,Khorma,Lauryn.Khorma@yopmail.com,1939-05-31,924,93.823,Wuhan,Armenia,IQ
266,Alameda,Leifeste,Alameda.Leifeste@yopmail.com,1992-11-16,148,90.5358,Cincinnati,Dominica,SR
267,Almeta,Wenda,Almeta.Wenda@yopmail.com,2010-05-01,392,53.4488,Ashgabat,Iraq,KP
268,Jasmina,Armanda,Jasmina.Armanda@yopmail.com,1920-01-22,276,79.3238,Multan,Namibia,NZ
269,Sadie,Zrike,Sadie.Zrike@yopmail.com,1956-08-30,445,78.648,Leeds,French Guiana,SG
270,Edyth,Wallis,Edyth.Wallis@yopmail.com,1991-03-19,250,54.3202,El Paso,Sweden,KE
271,Wanda,Ax,Wanda.Ax@yopmail.com,2017-10-01,108,72.8869,Makassar,Saint Kitts and Nevis,HM
272,Corry,Velick,Corry.Velick@yopmail.com,1933-02-14,995,61.0937,Wellington,Uzbekistan,BA
273,Jenda,Gordon,Jenda.Gordon@yopmail.com,1954-06-23,680,81.1657,Portland,Kenya,BH
274,Carree,Alejoa,Carree.Alejoa@yopmail.com,1926-09-10,147,81.6979,Baghdad,Hong Kong,ZA
275,Amelia,Delacourt,Amelia.Delacourt@yopmail.com,1959-06-28,922,56.026,Montevideo,Spain,AG
276,Shell,Burkle,Shell.Burkle@yopmail.com,1957-11-17,816,99.9618,Taichung,Sao Tome and Principe,DM
277,Ashlee,Han,Ashlee.Han@yopmail.com,1902-03-06,573,36.2929,Porto-Novo,Antarctica,SY
278,Drucie,Yam,Drucie.Yam@yopmail.com,1963-09-16,974,87.7856,Leeds,Guam,GI
279,Joy,Fabiola,Joy.Fabiola@yopmail.com,1927-01-09,456,74.2896,London,India,AS
280,Elfreda,Cutlerr,Elfreda.Cutlerr@yopmail.com,1949-05-21,796,35.6124,Asunción,Italy,NE
281,Margette,Creamer,Margette.Creamer@yopmail.com,1976-08-19,947,88.3756,Pretoria,Brunei Darussalam,AE
282,Vere,Paine,Vere.Paine@yopmail.com,2010-07-12,79,100.8026,Durango,Kazakhstan,TN
283,Augustine,Felecia,Augustine.Felecia@yopmail.com,1974-05-16,21,39.2495,Punta Arenas,Malaysia,SK
284,Larine,Dorothy,Larine.Dorothy@yopmail.com,1999-02-12,256,100.5044,Providence,Solomon Islands,CK
285,Binny,Libna,Binny.Libna@yopmail.com,1925-07-02,439,93.2882,Gaborone,Romania,ZM
286,Jackie,Jarib,Jackie.Jarib@yopmail.com,1979-07-05,888,66.9443,Seville,Romania,YE
287,Carmencita,Sidonius,Carmencita.Sidonius@yopmail.com,1918-01-08,964,65.1118,Konya,Maldives,CA
288,Nanete,Evvie,Nanete.Evvie@yopmail.com,1944-04-14,535,86.4243,Surat,"Virgin Islands, British",KG
289,Lizzie,Guildroy,Lizzie.Guildroy@yopmail.com,1943-03-29,375,44.8336,Anchorage,Guernsey,MC
290,Moyna,Tice,Moyna.Tice@yopmail.com,1974-01-25,157,100.6981,Seville,Mayotte,ES
291,Joeann,Bibi,Joeann.Bibi@yopmail.com,1940-06-27,70,31.8943,Saskatoon,Uganda,CH
292,Laure,Tippets,Laure.Tippets@yopmail.com,1957-08-09,485,90.4079,Zanzibar City,Christmas Island,PT
293,Alyssa,Frodi,Alyssa.Frodi@yopmail.com,2011-09-07,184,38.5029,Guatemala City,Bangladesh,NZ
294,Emma,Korey,Emma.Korey@yopmail.com,1922-11-08,1,61.2139,Willemstad,"Congo, The Democratic Republic of the",FI
295,Ursulina,Ventre,Ursulina.Ventre@yopmail.com,1927-05-15,488,52.1863,Gaziantep,Faroe Islands,UM
296,Collen,Mallon,Collen.Mallon@yopmail.com,1929-06-22,704,34.6585,Portland,Thailand,MA
297,Marleah,Lorenz,Marleah.Lorenz@yopmail.com,1973-07-30,756,96.61,Vientiane,Panama,GM
298,Max,Sancho,Max.Sancho@yopmail.com,1941-08-24,801,89.8597,Cleveland,Sudan,MS
299,Jobi,Egbert,Jobi.Egbert@yopmail.com,1996-05-07,672,86.1497,Chicago,Sao Tome and Principe,GE
300,Gratia,Harl,Gratia.Harl@yopmail.com,1915-04-25,577,93.1072,Tel Aviv,Liechtenstein,PL
301,Clarice,Eckblad,Clarice.Eckblad@yopmail.com,1950-04-24,941,34.3616,Cork (city),Belarus,BJ
302,Lauryn,Swigart,Lauryn.Swigart@yopmail.com,2009-01-19,865,67.8657,Oranjestad,Guyana,TC
303,Meghann,Amasa,Meghann.Amasa@yopmail.com,1900-10-28,483,88.15,Kobe,Portugal,GI
304,Imojean,Pascia,Imojean.Pascia@yopmail.com,1909-08-02,929,64.4431,Jaipur,Gambia,GM
305,Sallie,Bandeen,Sallie.Bandeen@yopmail.com,1928-09-12,807,47.0914,Saint John,Latvia,PS
306,Raina,Masao,Raina.Masao@yopmail.com,1911-10-26,50,90.524,Christchurch,Japan,AO
307,Ayn,Monaco,Ayn.Monaco@yopmail.com,1975-08-24,810,98.2992,Adelaide,Fiji,CK
308,Jan,Pearse,Jan.Pearse@yopmail.com,1954-09-29,309,72.5404,Luxor,Saudi Arabia,RW
309,Marline,Raffo,Marline.Raffo@yopmail.com,1939-12-11,546,46.2548,Invercargill,Fiji,SM
310,Brooks,Hunfredo,Brooks.Hunfredo@yopmail.com,1984-07-31,870,45.6133,Sana'a,"Virgin Islands, British",HR
311,Kristan,Casimir,Kristan.Casimir@yopmail.com,1949-08-03,778,50.1207,Mersin,Albania,MV
312,Ketti,Roxanna,Ketti.Roxanna@yopmail.com,1959-07-18,912,42.3385,Denpasar,Saudi Arabia,LA
313,Pollyanna,Esmaria,Pollyanna.Esmaria@yopmail.com,1908-09-08,503,58.8895,San Diego,Dominican Republic,NF
314,Chere,Karylin,Chere.Karylin@yopmail.com,1923-03-06,153,80.7344,Bissau,Zimbabwe,LR
315,Justinn,Macey,Justinn.Macey@yopmail.com,1984-10-10,12,72.6675,Baghdad,Cambodia,GF
316,Ernesta,Bergman,Ernesta.Bergman@yopmail.com,2010-03-26,937,73.0137,Bangkok,Uganda,GY
317,Bobbi,Allys,Bobbi.Allys@yopmail.com,1926-02-07,565,99.069,Sana'a,Romania,TV
318,Georgetta,Fadiman,Georgetta.Fadiman@yopmail.com,2006-07-26,938,57.1509,Frankfurt,Somalia,AE
319,Myrtice,Ader,Myrtice.Ader@yopmail.com,1973-01-27,501,93.2039,Kraków,Niue,BA
320,Zia,Maurine,Zia.Maurine@yopmail.com,1953-01-12,473,62.2493,Charlottetown,Guyana,AF
321,Roseline,Hutchison,Roseline.Hutchison@yopmail.com,1974-07-18,669,63.9207,Malmö,United States,MU
322,Jemie,Romelda,Jemie.Romelda@yopmail.com,1941-06-24,412,35.2059,Kano,Burkina Faso,BM
323,Gale,Lemuela,Gale.Lemuela@yopmail.com,1978-09-19,743,90.9812,Serekunda,Albania,UZ
324,Merry,Henebry,Merry.Henebry@yopmail.com,1968-11-18,989,39.0884,Tamale,Honduras,TW
325,Charmaine,Horan,Charmaine.Horan@yopmail.com,1999-12-04,162,72.5215,Regina,Jamaica,TL
326,Coral,Wildermuth,Coral.Wildermuth@yopmail.com,2002-11-10,856,74.8577,Düsseldorf,Haiti,KN
327,Chloris,Bandeen,Chloris.Bandeen@yopmail.com,1965-03-20,425,67.5871,Asmara,Belarus,CZ
328,Renae,Tillford,Renae.Tillford@yopmail.com,1995-10-13,828,75.8436,Harare,Fiji,IT
329,Dominga,Delacourt,Dominga.Delacourt@yopmail.com,2004-11-27,161,52.7481,Porto Alegre,Cyprus,WF
330,Roberta,Olympium,Roberta.Olympium@yopmail.com,1972-08-20,126,86.7727,Athens,Liechtenstein,UZ
331,Randa,Yam,Randa.Yam@yopmail.com,2006-05-21,309,97.9755,Porto,Australia,LT
332,Paule,Mauer,Paule.Mauer@yopmail.com,2009-12-26,951,68.7426,Nizhny Novgorod,Finland,SB
333,Chandra,Weide,Chandra.Weide@yopmail.com,1922-10-19,694,51.9614,Ahmedabad,Montserrat,SY
334,Augustine,Weide,Augustine.Weide@yopmail.com,1922-12-10,601,94.1111,Lucknow,Papua New Guinea,AF
335,Nelle,Tjon,Nelle.Tjon@yopmail.com,1996-11-14,735,31.8526,Handan,Turks and Caicos Islands,TJ
336,Lexine,Brotherson,Lexine.Brotherson@yopmail.com,1999-12-19,382,30.4949,Kobe,"Virgin Islands, British",BN
337,Chloris,Martguerita,Chloris.Martguerita@yopmail.com,1939-03-18,442,39.3166,Johor Bahru,Tajikistan,BH
338,Myriam,Alejoa,Myriam.Alejoa@yopmail.com,2003-04-20,656,80.769,Port of Spain,South Africa,MH
339,Elmira,Eachern,Elmira.Eachern@yopmail.com,1957-12-28,440,45.6339,Curitiba,Venezuela,FI
340,Gratia,Cyrie,Gratia.Cyrie@yopmail.com,1991-11-07,430,30.7646,Jerusalem,Libyan Arab Jamahiriya,LR
341,Nannie,Lay,Nannie.Lay@yopmail.com,1984-01-02,393,86.9888,Greenwich,Samoa,BD
342,Ariela,Amasa,Ariela.Amasa@yopmail.com,1928-07-26,714,34.5105,Sarajevo,Brunei Darussalam,KZ
343,Bobinette,Ruvolo,Bobinette.Ruvolo@yopmail.com,1915-02-09,873,66.6594,Phoenix,"Iran, Islamic Republic Of",TH
344,Riannon,Orelee,Riannon.Orelee@yopmail.com,1998-05-29,769,91.9561,Wonsan,Denmark,MM
345,Jenda,McCutcheon,Jenda.McCutcheon@yopmail.com,1941-02-26,706,36.7656,Petropavlovsk-Kamchatsky,"Moldova, Republic of",PG
346,Oona,Kenwood,Oona.Kenwood@yopmail.com,1969-07-05,949,70.1809,Yekaterinburg,Belize,LT
347,Maye,Niles,Maye.Niles@yopmail.com,1931-10-07,367,49.3395,Ljubljana,New Caledonia,HK
348,Jan,Estella,Jan.Estella@yopmail.com,1968-05-11,76,54.6787,Asunción,Cape Verde,CM
349,Celisse,Ailyn,Celisse.Ailyn@yopmail.com,2006-10-15,559,99.3702,Phnom Penh,Bouvet Island,LK
350,Carilyn,Blisse,Carilyn.Blisse@yopmail.com,1929-03-30,458,37.9395,Mandurah,Greece,BR
351,Gabi,Henrie,Gabi.Henrie@yopmail.com,1925-04-16,2,88.62,Davao City,Turkmenistan,PT
352,Lizzie,Kronfeld,Lizzie.Kronfeld@yopmail.com,1930-09-25,919,79.9652,Melekeok,Philippines,KM
353,Madeleine,Jethro,Madeleine.Jethro@yopmail.com,1946-07-08,881,38.331,Nanning,Ukraine,ER
354,Heida,Tippets,Heida.Tippets@yopmail.com,1904-10-20,597,74.5752,Antofagasta,Slovenia,UM
355,Pamella,Pernick,Pamella.Pernick@yopmail.com,1993-08-31,140,40.1857,Sarajevo,Venezuela,AZ
356,Valeda,Fax,Valeda.Fax@yopmail.com,1935-09-21,322,68.0565,Bucharest,Sweden,CH
357,Addia,Pulsifer,Addia.Pulsifer@yopmail.com,1924-04-18,639,78.8178,Saskatoon,Greenland,CD
358,Dania,Halla,Dania.Halla@yopmail.com,1906-11-06,871,54.8681,Bilbao,Germany,BS
359,Ilse,Gaal,Ilse.Gaal@yopmail.com,1911-01-06,331,48.831,Calama,Switzerland,BJ
360,Valera,Creamer,Valera.Creamer@yopmail.com,1903-07-26,806,61.1312,Kinshasa,Bosnia and Herzegovina,NA
361,Emylee,Stanwood,Emylee.Stanwood@yopmail.com,1985-12-18,130,32.742,The Hague,Antarctica,ER
362,Selia,Maribeth,Selia.Maribeth@yopmail.com,1971-02-13,414,49.7939,Murmansk,Sri Lanka,BA
363,Shell,Sinegold,Shell.Sinegold@yopmail.com,1976-11-11,581,45.2596,Moroni,Dominican Republic,MZ
364,Alleen,Zachary,Alleen.Zachary@yopmail.com,1976-06-22,379,69.9003,Porto,Mauritania,MU
365,Hermione,Ezar,Hermione.Ezar@yopmail.com,1915-05-26,936,83.9239,Hargeisa,Reunion,JE
366,Aaren,Leffen,Aaren.Leffen@yopmail.com,1909-07-02,741,97.5796,Lucknow,Azerbaijan,ZW
367,Britte,Leler,Britte.Leler@yopmail.com,1963-10-11,525,60.1923,Bogotá,Suriname,FR
368,Dyann,Therine,Dyann.Therine@yopmail.com,2001-11-18,404,73.5551,Sri Jayawardenapura-Kotte,Vanuatu,MS
369,Tierney,Aaberg,Tierney.Aaberg@yopmail.com,1980-08-22,50,35.1433,Muscat,Timor-Leste,AU
370,Jordan,Chabot,Jordan.Chabot@yopmail.com,1904-05-21,757,56.7753,Sacramento,Jordan,TZ
371,Tonia,Thema,Tonia.Thema@yopmail.com,2013-12-25,213,31.4212,Pristina,Saint Pierre and Miquelon,ZM
372,Sissy,Carbo,Sissy.Carbo@yopmail.com,1954-11-15,609,70.5633,New York City,Northern Mariana Islands,PH
373,Jobi,Tice,Jobi.Tice@yopmail.com,1949-11-14,230,90.9068,Saskatoon,Viet Nam,ZA
374,Tiffie,Aloise,Tiffie.Aloise@yopmail.com,1990-05-02,130,55.8283,Brikama,Northern Mariana Islands,NP
375,Bernie,Kirbee,Bernie.Kirbee@yopmail.com,1900-02-02,841,53.1164,Chaguanas,Netherlands,MZ
376,Karly,Gillan,Karly.Gillan@yopmail.com,2019-01-11,33,68.6196,Lyon,Panama,BY
377,Brynna,Saree,Brynna.Saree@yopmail.com,1928-03-11,561,67.7032,Paramaribo,Antarctica,GU
378,Glynnis,Shelba,Glynnis.Shelba@yopmail.com,1945-05-23,510,37.4549,Malabo,Solomon Islands,MK
379,Quintina,Chaing,Quintina.Chaing@yopmail.com,1992-02-16,105,77.6048,Hilo,United States Minor Outlying Islands,GY
380,Sadie,Fry,Sadie.Fry@yopmail.com,1912-03-21,968,82.8028,Sofia,Chad,ML
381,Karly,Sundin,Karly.Sundin@yopmail.com,1978-10-22,244,30.6154,Shenzhen,French Guiana,PT
382,Margalo,Blisse,Margalo.Blisse@yopmail.com,1959-06-04,975,55.9301,Berlin,Saint Vincent and the Grenadines,LY
383,Valera,Randene,Valera.Randene@yopmail.com,1934-07-08,229,43.0692,Medellín,Northern Mariana Islands,KN
384,Corina,Charity,Corina.Charity@yopmail.com,1954-10-21,999,81.3697,Dunedin,Gabon,HT
385,Jaime,Dorothy,Jaime.Dorothy@yopmail.com,1939-07-04,442,100.8117,Dodoma,Namibia,MG
386,Kamilah,Raychel,Kamilah.Raychel@yopmail.com,1945-06-07,753,91.3745,Tokyo,Israel,TJ
387,Dorothy,Naashom,Dorothy.Naashom@yopmail.com,1986-06-07,332,66.4968,Baghdad,Jordan,TV
388,Jenda,Anselmi,Jenda.Anselmi@yopmail.com,1909-10-10,905,81.6184,Glasgow,Greenland,WS
389,Kalina,Billye,Kalina.Billye@yopmail.com,1952-12-18,469,81.5298,San Antonio,Austria,MU
390,Judy,Modie,Judy.Modie@yopmail.com,1922-07-31,15,41.8784,Nice,South Africa,AQ
391,Janis,Alcott,Janis.Alcott@yopmail.com,1984-07-26,355,58.5114,Saint-Pierre,Burkina Faso,EC
392,Bertine,Edmund,Bertine.Edmund@yopmail.com,1986-12-19,382,70.1759,Hanover,Estonia,GM
393,Misha,Jethro,Misha.Jethro@yopmail.com,1979-02-24,737,100.9558,Curitiba,Congo,UA
394,Jan,Secrest,Jan.Secrest@yopmail.com,1990-07-31,998,70.7016,Makassar,China,AF
395,Arlina,Primalia,Arlina.Primalia@yopmail.com,1930-11-26,171,33.2706,Düsseldorf,Netherlands,MP
396,Sadie,Bohlin,Sadie.Bohlin@yopmail.com,1943-10-13,815,51.6128,Rochester,Belarus,MO
397,Tina,Stuart,Tina.Stuart@yopmail.com,1970-08-21,738,78.7865,Santa Cruz de la Sierra,Malaysia,LT
398,Cathyleen,Gombach,Cathyleen.Gombach@yopmail.com,1961-04-22,665,67.6207,Algiers,RWANDA,TH
399,Mireielle,Zenas,Mireielle.Zenas@yopmail.com,1931-01-17,944,64.4075,Santiago,Ghana,BH
400,Iseabal,Sallyann,Iseabal.Sallyann@yopmail.com,1962-03-09,834,99.8475,Khartoum,Uganda,HR
401,Adore,Melan,Adore.Melan@yopmail.com,1936-09-02,153,90.3066,Tbilisi,Finland,BR
402,Madalyn,Sperling,Madalyn.Sperling@yopmail.com,1905-07-09,590,41.0793,San Fernando,Bolivia,VN
403,Celene,Luhe,Celene.Luhe@yopmail.com,1933-08-04,110,95.3032,Riga,"Cote D""Ivoire",JO
404,Cyndie,Eldrid,Cyndie.Eldrid@yopmail.com,1971-06-11,138,87.6306,Lilongwe,Croatia,KE
405,Darci,Nickola,Darci.Nickola@yopmail.com,2019-06-03,288,39.2358,Manchester,Comoros,LC
406,Lorenza,Terrence,Lorenza.Terrence@yopmail.com,1931-10-24,137,61.3617,Colombo,Tonga,GD
407,Emilia,Weinreb,Emilia.Weinreb@yopmail.com,1907-03-28,396,76.3628,Brasília,Swaziland,BE
408,Marylou,Corabella,Marylou.Corabella@yopmail.com,1987-07-11,500,59.369,Hamburg,Australia,MN
409,Rozele,Cleo,Rozele.Cleo@yopmail.com,2000-04-05,170,66.0568,City of Halifax,Turks and Caicos Islands,TO
410,Lita,Tomasina,Lita.Tomasina@yopmail.com,2007-01-12,373,98.7524,Durango,Trinidad and Tobago,CA
411,Dulce,Mullane,Dulce.Mullane@yopmail.com,1968-06-17,25,75.9194,Dresden,"Moldova, Republic of",PK
412,Melanie,Adalbert,Melanie.Adalbert@yopmail.com,1926-11-21,495,87.0208,Boston,Togo,TH
413,Gerianna,Blase,Gerianna.Blase@yopmail.com,1992-01-12,586,82.9098,Cuiabá,Maldives,TH
414,Leia,Lattie,Leia.Lattie@yopmail.com,1980-03-12,214,56.6448,Bissau,Madagascar,GN
415,Karina,Frendel,Karina.Frendel@yopmail.com,1934-01-17,200,70.2752,Dakar,Faroe Islands,HM
416,Shaine,Waite,Shaine.Waite@yopmail.com,2006-05-06,557,35.9565,Newcastle,Gibraltar,YT
417,Siana,Salvidor,Siana.Salvidor@yopmail.com,1967-05-02,496,79.361,Harbin,Niue,ML
418,Camile,Mitzi,Camile.Mitzi@yopmail.com,1942-06-08,539,44.7382,Chaguanas,Colombia,BE
419,Claresta,Rolf,Claresta.Rolf@yopmail.com,1960-06-09,754,42.686,Davao City,Finland,PN
420,Elfreda,Cutlerr,Elfreda.Cutlerr@yopmail.com,2007-10-23,359,80.9134,Lahore,"Iran, Islamic Republic Of",TC
421,Agnese,Ralfston,Agnese.Ralfston@yopmail.com,1931-09-08,410,37.3919,Rosario,Norfolk Island,AD
422,Maud,Glenden,Maud.Glenden@yopmail.com,1924-01-26,421,81.9553,Nanning,Liberia,IT
423,Robinia,Gerge,Robinia.Gerge@yopmail.com,1900-10-19,546,54.693,Tashkent,Uzbekistan,US
424,Jany,Larochelle,Jany.Larochelle@yopmail.com,1942-04-02,119,98.027,Ahmedabad,"Taiwan, Province of China",BV
425,Gale,Marcellus,Gale.Marcellus@yopmail.com,2005-09-10,92,35.7035,Yekaterinburg,Comoros,WS
426,Collen,Atonsah,Collen.Atonsah@yopmail.com,1966-12-15,817,51.7312,Khartoum,Norfolk Island,LR
427,Miquela,Avi,Miquela.Avi@yopmail.com,1910-10-20,533,78.6783,Belmopan,Benin,TM
428,Larine,Emerson,Larine.Emerson@yopmail.com,1928-06-07,2,49.5452,Vienna,Russian Federation,BR
429,Michaelina,Whiffen,Michaelina.Whiffen@yopmail.com,1918-02-10,345,63.7302,Mendoza,Cocos (Keeling) Islands,UG
430,Dagmar,Neils,Dagmar.Neils@yopmail.com,1921-07-13,794,81.9359,Hangzhou,Iraq,PA
431,Coral,Peg,Coral.Peg@yopmail.com,1993-09-29,682,95.2874,N'Djamena,Nepal,NE
432,Tori,Freddi,Tori.Freddi@yopmail.com,1995-02-16,450,45.7265,Hargeisa,Zimbabwe,VU
433,Lucy,Margret,Lucy.Margret@yopmail.com,2002-04-16,718,37.7892,Arbil,Mayotte,MM
434,Margette,Elisha,Margette.Elisha@yopmail.com,1981-02-08,353,98.6097,Damascus,Saint Helena,MZ
435,Kittie,Demitria,Kittie.Demitria@yopmail.com,1975-07-08,983,80.7522,Gibraltar,United Kingdom,CH
436,Vevay,Jarib,Vevay.Jarib@yopmail.com,1904-11-14,983,50.394,Petropavlovsk-Kamchatsky,Bermuda,UY
437,Donetta,Sigfrid,Donetta.Sigfrid@yopmail.com,1984-11-25,655,66.9116,Hanover,Ethiopia,ES
438,Allyce,Martguerita,Allyce.Martguerita@yopmail.com,1982-07-29,90,66.2244,Washington,Paraguay,SV
439,Molli,Revkah,Molli.Revkah@yopmail.com,2012-04-17,823,77.8827,Virginia Beach,Switzerland,LC
440,Sean,Trey,Sean.Trey@yopmail.com,1945-05-26,222,39.7874,Chişinău,"Lao People""S Democratic Republic",PE
441,Willetta,Ehrman,Willetta.Ehrman@yopmail.com,1960-04-16,787,42.0355,Chittagong,Benin,KE
442,Andree,Regan,Andree.Regan@yopmail.com,1954-03-28,791,37.3515,Chişinău,Bulgaria,MW
443,Katuscha,Regan,Katuscha.Regan@yopmail.com,1922-11-24,549,99.8476,Espoo,French Guiana,CL
444,Quintina,Herrera,Quintina.Herrera@yopmail.com,1977-08-08,519,82.826,Juneau,Kazakhstan,AZ
445,Marsiella,Nadia,Marsiella.Nadia@yopmail.com,1953-01-24,63,61.1973,Athens,Uruguay,MP
446,Fanchon,Sperling,Fanchon.Sperling@yopmail.com,1951-12-04,321,66.3888,Macau,Bosnia and Herzegovina,TV
447,Rhea,Laverne,Rhea.Laverne@yopmail.com,1914-06-17,100,48.2275,Sri Jayawardenapura-Kotte,Yemen,IO
448,Camile,Wind,Camile.Wind@yopmail.com,1963-09-01,328,47.9185,Funafuti,Malaysia,SZ
449,Carree,Morrill,Carree.Morrill@yopmail.com,1918-06-08,585,38.0219,Ljubljana,Uzbekistan,PH
450,Theodora,Ramona,Theodora.Ramona@yopmail.com,1946-10-18,382,93.5132,Qingdao,Sao Tome and Principe,BF
451,Marnia,Phi,Marnia.Phi@yopmail.com,1969-02-24,848,89.1758,Puebla,United States,TR
452,Kaja,Medrek,Kaja.Medrek@yopmail.com,1945-10-06,308,35.464,Seoul,Svalbard and Jan Mayen,MG
453,Ebonee,Granoff,Ebonee.Granoff@yopmail.com,1999-09-19,650,88.7052,Tunis,United States,SM
454,Susan,Ethban,Susan.Ethban@yopmail.com,1987-09-22,625,86.5297,Algiers,Seychelles,ML
455,Tracey,Curren,Tracey.Curren@yopmail.com,1975-03-11,121,61.7557,Gaziantep,Gibraltar,LK
456,Melina,Behre,Melina.Behre@yopmail.com,1933-08-26,482,78.5863,Aarhus,Hong Kong,SL
457,Cristabel,Ailyn,Cristabel.Ailyn@yopmail.com,1961-04-29,985,56.968,Ljubljana,"Tanzania, United Republic of",KY
458,Teddie,Dex,Teddie.Dex@yopmail.com,2015-06-27,526,81.074,Pretoria,Tonga,NI
459,Hermione,Wattenberg,Hermione.Wattenberg@yopmail.com,1996-06-16,872,84.5653,Bangalore,"Tanzania, United Republic of",LC
460,Gabi,Ochs,Gabi.Ochs@yopmail.com,1902-12-01,942,32.6014,Guwahati,Guam,TC
461,Norine,Hailee,Norine.Hailee@yopmail.com,1927-08-18,712,45.555,Anadyr (town),Gibraltar,MQ
462,Binny,Mathilde,Binny.Mathilde@yopmail.com,1936-07-18,945,48.9549,Hyderabad,"Korea, Democratic People""S Republic of",CA
463,Ardys,Carmena,Ardys.Carmena@yopmail.com,1900-07-20,435,50.1047,Yaren District,Paraguay,GP
464,Brynna,Niccolo,Brynna.Niccolo@yopmail.com,1975-08-23,877,45.4937,Hanga Roa,Western Sahara,CF
465,Evaleen,Isidore,Evaleen.Isidore@yopmail.com,1926-03-16,487,49.5385,Vilnius,RWANDA,NO
466,Angela,Borrell,Angela.Borrell@yopmail.com,1959-09-28,444,31.1059,Minsk,Djibouti,GN
467,Dacia,Lacombe,Dacia.Lacombe@yopmail.com,1957-11-23,274,85.5724,Kolkata,Lithuania,MD
468,Berget,Loring,Berget.Loring@yopmail.com,1944-01-10,300,60.0066,Tallinn,Somalia,BS
469,Isa,Terencio,Isa.Terencio@yopmail.com,2002-07-16,9,79.111,Darwin,India,CO
470,Amalie,Fillbert,Amalie.Fillbert@yopmail.com,1970-02-22,470,60.8126,Road Town,Western Sahara,MH
471,Amelia,Gilbertson,Amelia.Gilbertson@yopmail.com,1985-03-01,132,31.8845,Zhengzhou,Israel,MC
472,Christy,Sabella,Christy.Sabella@yopmail.com,1921-11-21,47,30.2507,Mandurah,Timor-Leste,YE
473,Justinn,Emmy,Justinn.Emmy@yopmail.com,1941-08-25,420,80.1182,Toulouse,Morocco,SG
474,Linzy,Maroney,Linzy.Maroney@yopmail.com,1935-05-09,317,70.7584,Longyearbyen,New Caledonia,YE
475,Sean,Honoria,Sean.Honoria@yopmail.com,1944-10-26,15,38.8774,Dushanbe,Japan,BM
476,Gloria,Dituri,Gloria.Dituri@yopmail.com,1938-10-23,653,87.8804,Santa Cruz de la Sierra,Belarus,AQ
477,Nerta,Delila,Nerta.Delila@yopmail.com,1920-01-21,908,35.818,Hagåtña,Thailand,MC
478,Therine,Edison,Therine.Edison@yopmail.com,1992-04-05,355,66.3281,Tashkent,Montserrat,SO
479,Jordan,Harday,Jordan.Harday@yopmail.com,1981-05-25,582,34.3767,Guatemala City,Kazakhstan,SJ
480,Raquela,Virgin,Raquela.Virgin@yopmail.com,1970-01-08,545,53.8679,Hangzhou,Ireland,LV
481,Nonnah,Stav,Nonnah.Stav@yopmail.com,1908-02-12,101,57.644,Road Town,"Palestinian Territory, Occupied",HR
482,Stevana,Larochelle,Stevana.Larochelle@yopmail.com,1935-10-15,359,53.6386,Cebu City,Turkey,WS
483,Allyce,Joni,Allyce.Joni@yopmail.com,2000-10-12,931,99.1168,Padang,South Georgia and the South Sandwich Islands,BN
484,Natka,Garlinda,Natka.Garlinda@yopmail.com,1908-06-16,818,39.4272,Anadyr (town),AndorrA,AM
485,Jenda,Kirstin,Jenda.Kirstin@yopmail.com,1921-02-08,785,39.8872,Cork (city),China,DM
486,Netty,Stilwell,Netty.Stilwell@yopmail.com,1966-03-12,548,98.1282,Campo Grande,Trinidad and Tobago,TW
487,Ermengarde,Latini,Ermengarde.Latini@yopmail.com,1905-12-25,305,41.4537,Djibouti (city),French Polynesia,DZ
488,Talya,Sandye,Talya.Sandye@yopmail.com,1961-10-31,235,74.6169,Yokohama,Israel,GW
489,Janis,Aprile,Janis.Aprile@yopmail.com,1921-05-08,729,48.5046,Kyoto,Senegal,TF
490,Orelia,Zola,Orelia.Zola@yopmail.com,1918-06-27,610,78.105,Antananarivo,"Virgin Islands, U.S.",BT
491,Ermengarde,Flyn,Ermengarde.Flyn@yopmail.com,2011-07-20,714,44.5284,Milwaukee,Netherlands Antilles,NO
492,Margalo,Chobot,Margalo.Chobot@yopmail.com,1967-07-26,577,73.1905,Pattaya,Netherlands Antilles,KW
493,Camile,Moina,Camile.Moina@yopmail.com,1928-10-04,227,41.8298,Kingston,Sweden,FR
494,Jessamyn,Valoniah,Jessamyn.Valoniah@yopmail.com,1959-08-10,593,82.5897,Hanoi,Cuba,EE
495,Vanessa,Hull,Vanessa.Hull@yopmail.com,1996-09-01,851,100.1895,Copenhagen,Liechtenstein,KH
496,Cherilyn,Eno,Cherilyn.Eno@yopmail.com,1981-02-18,935,87.6056,Maputo,Samoa,VA
497,Rori,Gilmour,Rori.Gilmour@yopmail.com,1986-05-01,462,64.7022,Antwerp,Syrian Arab Republic,DM
498,Juliane,Desai,Juliane.Desai@yopmail.com,2006-02-18,4,98.3415,Yaren District,Paraguay,DM
499,Diena,Ietta,Diena.Ietta@yopmail.com,1949-06-21,9,51.1567,Dongguan,French Southern Territories,SC
500,Dari,Glovsky,Dari.Glovsky@yopmail.com,1952-02-07,823,98.4354,Campinas,Mauritius,KR
501,Mariann,Artie,Mariann.Artie@yopmail.com,1972-03-02,523,43.6763,Sukhumi,Guinea,CR
502,Gratia,Wildermuth,Gratia.Wildermuth@yopmail.com,1968-05-22,852,69.9178,Córdoba,"Moldova, Republic of",ES
503,Wendi,Yusuk,Wendi.Yusuk@yopmail.com,1943-02-02,203,65.5943,Faisalabad,Colombia,BS
504,Merci,Christine,Merci.Christine@yopmail.com,1915-10-13,771,85.7886,Vitória,Belarus,SE
505,Janis,Rebecka,Janis.Rebecka@yopmail.com,2004-12-23,740,39.3312,Las Palmas de Gran Canaria,Austria,PS
506,Deane,Kinnard,Deane.Kinnard@yopmail.com,2018-02-14,283,39.06,New Orleans,"Virgin Islands, British",GP
507,Dominga,Mitzi,Dominga.Mitzi@yopmail.com,1913-03-16,184,64.1389,Tagbilaran,Antarctica,GY
508,Celisse,Jena,Celisse.Jena@yopmail.com,1904-07-31,959,34.1051,Nukus,"Korea, Republic of",TJ
509,Maud,Niles,Maud.Niles@yopmail.com,1942-12-24,598,44.5469,Udon Thani,Saudi Arabia,MV
510,Jere,Kat,Jere.Kat@yopmail.com,1982-06-06,68,42.6847,Cairns,Belize,BV
511,Charissa,Bahr,Charissa.Bahr@yopmail.com,1976-08-21,328,49.1807,Hamburg,Vanuatu,TZ
512,Zaria,Rogerio,Zaria.Rogerio@yopmail.com,1908-02-18,793,97.1831,Yerevan,Serbia and Montenegro,SH
513,Barbara,Means,Barbara.Means@yopmail.com,1954-06-22,925,52.9954,Hamilton,Western Sahara,ZA
514,Belinda,Celestine,Belinda.Celestine@yopmail.com,2007-06-10,472,97.4602,Sacramento,Svalbard and Jan Mayen,GB
515,Carly,Odell,Carly.Odell@yopmail.com,1976-08-19,195,45.8464,Porto Alegre,Vanuatu,IL
516,Bibby,Niles,Bibby.Niles@yopmail.com,1958-10-17,883,70.7053,Pretoria,Saudi Arabia,EE
517,Gusella,Raimondo,Gusella.Raimondo@yopmail.com,1945-04-27,772,56.2158,Quezon City,Cocos (Keeling) Islands,GD
518,Brietta,Grosz,Brietta.Grosz@yopmail.com,1913-12-12,941,53.4092,N'Djamena,Martinique,BF
519,Rivalee,Graig,Rivalee.Graig@yopmail.com,1938-01-26,98,74.0694,Vaduz,Afghanistan,BN
520,Gwyneth,Medrek,Gwyneth.Medrek@yopmail.com,1932-09-09,83,35.1875,Palma,Christmas Island,NC
521,Liana,Dulciana,Liana.Dulciana@yopmail.com,1935-06-19,141,42.8707,Alexandria,Mozambique,BZ
522,Talya,Gavrila,Talya.Gavrila@yopmail.com,1964-10-02,21,56.4809,Bangalore,RWANDA,VC
523,Mariele,Gherardo,Mariele.Gherardo@yopmail.com,1940-03-21,326,75.783,Livingstone,Reunion,GG
524,Basia,Alisia,Basia.Alisia@yopmail.com,1999-10-01,984,77.1975,Santo Domingo,Bosnia and Herzegovina,TW
525,Lesly,Couture,Lesly.Couture@yopmail.com,1907-02-03,145,96.4973,Gothenburg,Sudan,HM
526,Belva,Gahl,Belva.Gahl@yopmail.com,1963-09-20,761,49.5786,Baku,China,ER
527,Emilia,Lea,Emilia.Lea@yopmail.com,1943-03-04,560,99.7494,Guwahati,Greece,GQ
528,Norine,Wandie,Norine.Wandie@yopmail.com,1930-11-22,678,79.9768,Fredericton,Northern Mariana Islands,AT
529,Sallie,Cavan,Sallie.Cavan@yopmail.com,1957-01-16,147,68.8661,Geelong,Grenada,ER
530,Joeann,Levey,Joeann.Levey@yopmail.com,1921-01-22,986,86.1083,Huế,"Tanzania, United Republic of",BM
531,Gale,Burch,Gale.Burch@yopmail.com,2015-01-18,954,97.092,Makati City,China,GD
532,Jsandye,Justinn,Jsandye.Justinn@yopmail.com,1941-09-07,365,32.0379,Lagos,Namibia,NL
533,Bobinette,Jefferey,Bobinette.Jefferey@yopmail.com,1999-01-29,433,49.1324,Hamburg,San Marino,GM
534,Phylis,Lytton,Phylis.Lytton@yopmail.com,1996-11-18,984,56.504,Christchurch,Greece,NA
535,Netty,Wooster,Netty.Wooster@yopmail.com,1922-12-22,535,51.3606,Anadyr (town),"Korea, Democratic People""S Republic of",LR
536,Gerrie,Terrence,Gerrie.Terrence@yopmail.com,2010-10-09,578,32.1855,San Salvador,Guyana,SL
537,Betta,Valerio,Betta.Valerio@yopmail.com,1937-09-30,190,63.6131,Manila,Luxembourg,VE
538,Jsandye,Bartlett,Jsandye.Bartlett@yopmail.com,1959-03-05,264,64.6482,Taiyuan,Congo,SV
539,Ulrike,Wareing,Ulrike.Wareing@yopmail.com,1981-11-18,84,98.6699,São José dos Campos,Maldives,JO
540,Jean,Brandice,Jean.Brandice@yopmail.com,1976-08-09,540,56.784,Memphis,Heard Island and Mcdonald Islands,SE
541,Hallie,Joli,Hallie.Joli@yopmail.com,1929-05-07,549,92.5691,Ottawa,Dominican Republic,AL
542,Lynea,Alcott,Lynea.Alcott@yopmail.com,1906-04-19,132,54.4994,San Carlos de Bariloche,Syrian Arab Republic,HM
543,Hettie,Seessel,Hettie.Seessel@yopmail.com,2013-07-13,339,72.3847,Petropavlovsk-Kamchatsky,Kenya,UY
544,Johna,Michella,Johna.Michella@yopmail.com,2010-01-09,129,56.3537,Suva,Slovenia,MN
545,Karlee,Kare,Karlee.Kare@yopmail.com,1961-01-05,463,77.5608,Hanga Roa,Israel,BY
546,Kirbee,Flita,Kirbee.Flita@yopmail.com,1964-10-16,699,32.2112,Rochester,Paraguay,GF
547,Micheline,Iphlgenia,Micheline.Iphlgenia@yopmail.com,1973-08-05,351,34.8443,Jacksonville,Bangladesh,VA
548,Rochette,Buckler,Rochette.Buckler@yopmail.com,1900-04-13,661,45.6021,Nashville,Afghanistan,TC
549,Odessa,Hoban,Odessa.Hoban@yopmail.com,1944-07-21,865,71.5704,Charlotte Amalie,"Moldova, Republic of",PY
550,Riannon,Dosia,Riannon.Dosia@yopmail.com,1948-03-04,863,41.0693,Cologne,Honduras,KH
551,Linzy,Velick,Linzy.Velick@yopmail.com,1963-04-12,877,95.286,Karachi,Philippines,YE
552,Christal,Tayib,Christal.Tayib@yopmail.com,1955-09-06,288,61.5277,Raleigh,Algeria,IM
553,Gavrielle,Ashely,Gavrielle.Ashely@yopmail.com,1954-11-25,520,99.797,Hanga Roa,Jordan,RE
554,Elise,Barrus,Elise.Barrus@yopmail.com,1961-02-15,114,81.7614,Namangan,Guinea,TZ
555,Ashlee,Lutero,Ashlee.Lutero@yopmail.com,1912-07-23,950,68.0014,Adak,Belgium,HM
556,Vanessa,Sallyann,Vanessa.Sallyann@yopmail.com,2006-07-16,190,77.6242,El Paso,Northern Mariana Islands,MC
557,Chickie,Behre,Chickie.Behre@yopmail.com,1908-09-13,520,51.0092,Nice,Estonia,AR
558,Luci,Lumbard,Luci.Lumbard@yopmail.com,2002-09-14,710,68.1011,Praia,Guernsey,TG
559,Nikki,Stanwood,Nikki.Stanwood@yopmail.com,1969-09-15,871,63.6811,Tripoli,Denmark,IE
560,Cissiee,Abram,Cissiee.Abram@yopmail.com,1991-02-24,735,78.6569,South Tarawa,Djibouti,TF
561,June,Aida,June.Aida@yopmail.com,1904-01-22,412,76.1846,Sydney,Gibraltar,BG
562,Gilligan,Center,Gilligan.Center@yopmail.com,2017-10-11,332,92.0223,Oklahoma City,Maldives,MU
563,Daune,Rebecka,Daune.Rebecka@yopmail.com,1924-08-03,901,48.3846,Monaco,Angola,AZ
564,Lorenza,Norrie,Lorenza.Norrie@yopmail.com,1902-11-27,565,99.4406,Macapá,Bahrain,VE
565,Susette,Grosz,Susette.Grosz@yopmail.com,1916-06-16,757,34.2518,Ho Chi Minh City,Viet Nam,IR
566,Keelia,Jethro,Keelia.Jethro@yopmail.com,1951-03-14,639,95.9936,Surabaya,Uzbekistan,MU
567,Patricia,Sibyls,Patricia.Sibyls@yopmail.com,1909-09-23,927,98.2951,Weno,Holy See (Vatican City State),TF
568,Lanae,Alfons,Lanae.Alfons@yopmail.com,1945-01-10,969,96.4865,Campinas,Marshall Islands,MH
569,Penelopa,Posner,Penelopa.Posner@yopmail.com,1951-01-20,266,52.8216,Brasília,Saint Kitts and Nevis,RW
570,Dianemarie,Iiette,Dianemarie.Iiette@yopmail.com,1909-07-16,486,34.8115,Roseau,AndorrA,KM
571,Olwen,Leonard,Olwen.Leonard@yopmail.com,1966-11-22,594,72.452,Medina,Australia,DE
572,Gilda,Vary,Gilda.Vary@yopmail.com,1903-03-02,491,55.227,Luxembourg (city),Indonesia,FM
573,Agathe,McLaughlin,Agathe.McLaughlin@yopmail.com,1909-01-25,971,34.5251,Cologne,Argentina,TJ
574,Rhea,Cloris,Rhea.Cloris@yopmail.com,1954-04-07,705,39.647,Juneau,Cook Islands,JO
575,Gloria,Iiette,Gloria.Iiette@yopmail.com,1953-07-11,686,57.1036,Novosibirsk,Spain,LC
576,Gratia,Ingra,Gratia.Ingra@yopmail.com,2019-06-28,224,36.095,Curitiba,Cambodia,IR
577,Nicoli,O'Neill,Nicoli.O'Neill@yopmail.com,1909-06-15,919,68.3747,Fukuoka,Belize,RU
578,Gabriellia,Dermott,Gabriellia.Dermott@yopmail.com,1989-01-31,683,54.1289,Wichita,"Cote D""Ivoire",MD
579,Esmeralda,Kress,Esmeralda.Kress@yopmail.com,1901-03-15,45,75.4178,Magadan,Syrian Arab Republic,AQ
580,Ira,Federica,Ira.Federica@yopmail.com,1937-07-05,574,82.4045,Port Blair,Montserrat,SD
581,Nataline,Bebe,Nataline.Bebe@yopmail.com,1926-08-18,734,47.8744,Harare,Nepal,VN
582,Belinda,Cyrie,Belinda.Cyrie@yopmail.com,1954-06-13,222,79.6342,Lusaka,China,LI
583,Kayla,Blase,Kayla.Blase@yopmail.com,1956-08-24,433,54.5398,Jerusalem,Zambia,TT
584,Chloris,Matthew,Chloris.Matthew@yopmail.com,1919-11-28,864,40.6896,Madrid,Dominica,BD
585,Micheline,Jenness,Micheline.Jenness@yopmail.com,2003-02-09,840,61.6916,Shenzhen,Estonia,PK
586,Dania,Jacinda,Dania.Jacinda@yopmail.com,2009-09-01,16,87.0706,Maseru,Kazakhstan,PG
587,Priscilla,Toffic,Priscilla.Toffic@yopmail.com,1999-01-31,436,97.4074,Maceió,Namibia,GH
588,Belva,Gower,Belva.Gower@yopmail.com,1922-06-19,225,35.8669,Ahmedabad,Brazil,DM
589,Margalo,Vary,Margalo.Vary@yopmail.com,1969-11-16,883,61.5925,Chiang Mai,Swaziland,MC
590,Flory,Winnick,Flory.Winnick@yopmail.com,1915-07-17,566,41.7114,Lanzhou,Tokelau,AF
591,Ninnetta,Clarissa,Ninnetta.Clarissa@yopmail.com,1983-11-28,785,68.4698,Ludhiana,Guinea-Bissau,SO
592,Shannah,Dex,Shannah.Dex@yopmail.com,1933-09-20,421,58.6455,Winnipeg,Viet Nam,NR
593,Rani,Giff,Rani.Giff@yopmail.com,2014-05-24,864,95.3841,Seoul,Mali,CS
594,Binny,Izaak,Binny.Izaak@yopmail.com,1989-02-16,917,57.1863,Abidjan,Algeria,IS
595,Bobinette,Gherardo,Bobinette.Gherardo@yopmail.com,1917-03-14,905,65.4402,San Carlos de Bariloche,Japan,SK
596,Lynnea,Tyson,Lynnea.Tyson@yopmail.com,2017-07-03,258,90.4926,Bogor,Paraguay,TW
597,Amalie,Jillane,Amalie.Jillane@yopmail.com,1904-01-13,709,99.1663,Wichita,Antarctica,GL
598,Christal,Berard,Christal.Berard@yopmail.com,2018-07-06,990,48.6313,Rockhampton,Armenia,LS
599,Adelle,Allina,Adelle.Allina@yopmail.com,1913-07-27,392,68.8567,Providence,"Virgin Islands, U.S.",MX
600,Nannie,Emmaline,Nannie.Emmaline@yopmail.com,1953-02-07,689,64.8944,Jeddah,Holy See (Vatican City State),AR
601,Kore,Anselmi,Kore.Anselmi@yopmail.com,2015-08-12,317,63.8734,La Serena,Uzbekistan,DK
602,Genovera,Schroth,Genovera.Schroth@yopmail.com,1989-08-27,472,65.1135,Ndola,Israel,GY
603,Shirlee,Lenny,Shirlee.Lenny@yopmail.com,1970-11-22,627,53.9477,Kiev,Nigeria,ML
604,Tobe,Kaja,Tobe.Kaja@yopmail.com,1981-08-28,191,63.4835,Munich,AndorrA,MR
605,Briney,Caitlin,Briney.Caitlin@yopmail.com,1943-01-19,645,47.7963,Berlin,Belarus,BI
606,Wanda,Bandeen,Wanda.Bandeen@yopmail.com,1955-02-02,362,39.0486,Bangui,Kiribati,WF
607,Sissy,Kosey,Sissy.Kosey@yopmail.com,1986-04-18,965,99.2594,Shenyang,Turks and Caicos Islands,PL
608,Frances,Hepsibah,Frances.Hepsibah@yopmail.com,2008-11-30,731,64.255,Okinawa,Burkina Faso,MH
609,Libbie,Maurine,Libbie.Maurine@yopmail.com,1986-09-25,64,73.2728,Saipan,Falkland Islands (Malvinas),VI
610,Regina,Olympium,Regina.Olympium@yopmail.com,1960-02-06,497,81.69,Dededo,Lesotho,MH
611,Ida,Nunci,Ida.Nunci@yopmail.com,2014-07-11,280,57.5454,Oklahoma City,Romania,PL
612,Dorene,Fry,Dorene.Fry@yopmail.com,1920-01-27,207,52.9062,Memphis,Christmas Island,FM
613,Rhoda,Radu,Rhoda.Radu@yopmail.com,2011-01-30,436,69.5108,Anchorage,Bosnia and Herzegovina,MY
614,Marcy,Gaspard,Marcy.Gaspard@yopmail.com,1969-06-18,510,50.8211,Beijing,Christmas Island,CK
615,Ketti,Katrine,Ketti.Katrine@yopmail.com,1982-02-13,578,94.093,Wuhan,"Micronesia, Federated States of",CX
616,Bee,Bonilla,Bee.Bonilla@yopmail.com,1997-11-26,607,63.2773,Sana'a,Mexico,TO
617,Georgina,Beebe,Georgina.Beebe@yopmail.com,1947-12-09,337,38.0765,Naples,Cocos (Keeling) Islands,ZW
618,Olwen,Ovid,Olwen.Ovid@yopmail.com,1925-11-12,809,100.3952,Las Palmas de Gran Canaria,Reunion,TL
619,Mariele,Dowski,Mariele.Dowski@yopmail.com,1991-11-04,171,41.2497,Pretoria,Viet Nam,MA
620,Shauna,Mitzi,Shauna.Mitzi@yopmail.com,1928-05-11,314,89.0425,Medellín,"Virgin Islands, U.S.",KG
621,Mara,Grobe,Mara.Grobe@yopmail.com,2007-05-11,327,54.8555,Madrid,Ireland,KG
622,Lusa,Laurianne,Lusa.Laurianne@yopmail.com,1976-10-31,594,37.9787,Sacramento,Zambia,RW
623,Gavrielle,Jerald,Gavrielle.Jerald@yopmail.com,1917-08-20,834,42.7972,Santo Domingo,Uruguay,KR
624,Agathe,Jethro,Agathe.Jethro@yopmail.com,1945-09-27,919,84.677,Minneapolis,Brazil,UA
625,Merci,Konyn,Merci.Konyn@yopmail.com,1900-12-29,9,68.7307,Dili,Oman,MN
626,Teriann,Manolo,Teriann.Manolo@yopmail.com,1973-09-01,926,55.2648,Puerto Williams,Seychelles,TO
627,Ellette,Auberbach,Ellette.Auberbach@yopmail.com,1963-05-15,646,93.9305,Geelong,Lithuania,ZA
628,Hollie,Rurik,Hollie.Rurik@yopmail.com,1909-01-29,620,97.3207,Miri,Guernsey,BG
629,Valera,Koehler,Valera.Koehler@yopmail.com,1953-11-18,981,44.9946,Weno,Niger,BG
630,Raf,Fabiola,Raf.Fabiola@yopmail.com,1903-02-16,970,97.1332,Baku,"Tanzania, United Republic of",BN
631,Myriam,Kesley,Myriam.Kesley@yopmail.com,2012-06-29,2,84.1281,Nagoya,New Zealand,TT
632,Tersina,Gillan,Tersina.Gillan@yopmail.com,2005-05-13,172,81.307,Forked River,Armenia,GG
633,Kial,Giule,Kial.Giule@yopmail.com,1920-06-08,622,95.88,Raleigh,RWANDA,TF
634,Kaia,Han,Kaia.Han@yopmail.com,2000-06-14,73,41.0736,Algiers,Cameroon,KM
635,Janis,Martguerita,Janis.Martguerita@yopmail.com,2004-02-21,67,36.6111,Hanover,Netherlands,NP
636,Starla,Abbot,Starla.Abbot@yopmail.com,1911-10-30,809,97.6167,Yaoundé,South Georgia and the South Sandwich Islands,AE
637,Rani,Brenn,Rani.Brenn@yopmail.com,2009-12-10,186,80.6648,Belize City,Sao Tome and Principe,JP
638,Allis,Lail,Allis.Lail@yopmail.com,1968-09-08,221,54.3479,Xi'an,United States Minor Outlying Islands,GL
639,Emma,Ries,Emma.Ries@yopmail.com,1934-05-04,201,73.0017,Madrid,Russian Federation,LS
640,Devina,Alexandr,Devina.Alexandr@yopmail.com,1936-10-29,473,37.2216,Rabat,Argentina,JO
641,Inga,Margret,Inga.Margret@yopmail.com,1917-06-17,79,71.582,Timbuktu,Vanuatu,FR
642,Frances,Martguerita,Frances.Martguerita@yopmail.com,1960-01-14,675,94.734,Hiroshima,"Virgin Islands, British",PE
643,Harmonia,Lindemann,Harmonia.Lindemann@yopmail.com,1998-11-06,187,85.3191,San Fernando,"Iran, Islamic Republic Of",IL
644,Lynde,Seessel,Lynde.Seessel@yopmail.com,1908-12-08,693,57.6709,Cali,Palau,CR
645,Bibby,Lytton,Bibby.Lytton@yopmail.com,2002-11-29,626,77.8587,Dili,Bulgaria,UM
646,Brynna,Jorgan,Brynna.Jorgan@yopmail.com,1995-01-26,765,51.8247,Minsk,Benin,MO
647,Aimil,Wildermuth,Aimil.Wildermuth@yopmail.com,1973-04-08,263,62.1312,Riyadh,Austria,BZ
648,Ardenia,Carlson,Ardenia.Carlson@yopmail.com,1937-12-25,276,83.2942,Yerevan,Cameroon,MW
649,Constance,Seumas,Constance.Seumas@yopmail.com,2006-09-28,613,96.4165,Gibraltar,Bhutan,FK
650,Donetta,Carey,Donetta.Carey@yopmail.com,1940-10-20,329,66.0062,Vancouver,Liberia,CY
651,Jacenta,Lesley,Jacenta.Lesley@yopmail.com,2011-06-15,545,40.3335,Malmö,Sierra Leone,SG
652,Elie,Niles,Elie.Niles@yopmail.com,1947-08-22,853,96.4384,Arbil,Brazil,NP
653,Steffane,Wiener,Steffane.Wiener@yopmail.com,1941-05-23,840,53.6537,Melekeok,Antigua and Barbuda,BS
654,Rubie,Kristi,Rubie.Kristi@yopmail.com,1900-08-13,276,72.55,Bulawayo,Cameroon,BI
655,Roslyn,Ardra,Roslyn.Ardra@yopmail.com,1934-01-07,972,95.5401,Podgorica,Philippines,AS
656,Tatiania,Minetta,Tatiania.Minetta@yopmail.com,1988-11-02,819,96.1056,Magadan,Cook Islands,ET
657,Ariela,Blisse,Ariela.Blisse@yopmail.com,1987-09-07,931,83.0465,Batticaloa,Martinique,BW
658,Selma,Sandye,Selma.Sandye@yopmail.com,1916-07-10,366,90.1021,San Juan,Australia,BB
659,Darlleen,Noam,Darlleen.Noam@yopmail.com,2003-11-11,976,63.6742,Colombo,"Palestinian Territory, Occupied",BY
660,Ericka,Keelia,Ericka.Keelia@yopmail.com,1908-06-07,335,73.2606,Kathmandu,Pitcairn,LK
661,Kimmy,Ariella,Kimmy.Ariella@yopmail.com,1929-05-16,240,63.8075,City of San Marino,Tokelau,WS
662,Rochette,Melan,Rochette.Melan@yopmail.com,1906-01-18,239,82.2413,Kobe,Papua New Guinea,BH
663,Lanae,Gwenore,Lanae.Gwenore@yopmail.com,1985-05-21,29,54.5636,Nice,Burkina Faso,PR
664,Elmira,Diogenes,Elmira.Diogenes@yopmail.com,1938-07-30,148,30.8859,Bishkek,Yemen,CS
665,Stacey,Anastatius,Stacey.Anastatius@yopmail.com,1932-12-20,846,56.7033,Magadan,Pakistan,NR
666,Ginnie,Bonilla,Ginnie.Bonilla@yopmail.com,1996-08-28,693,79.3811,Gold Coast,Holy See (Vatican City State),AF
667,Kristan,Norrie,Kristan.Norrie@yopmail.com,1962-10-27,108,38.4313,Balikpapan,Dominican Republic,IE
668,Evita,Hashim,Evita.Hashim@yopmail.com,1911-12-05,501,56.3368,Omsk,Oman,NA
669,Kerrin,Slifka,Kerrin.Slifka@yopmail.com,1907-04-23,816,62.484,Siem Reap,Switzerland,AO
670,Adelle,Lay,Adelle.Lay@yopmail.com,1911-06-07,886,90.9281,Durango,Åland Islands,IS
671,Justinn,Rona,Justinn.Rona@yopmail.com,1948-10-23,887,44.5773,Denpasar,Uganda,MC
672,Mignon,Old,Mignon.Old@yopmail.com,1958-10-13,466,30.3036,Taichung,India,ER
673,Corry,Yerkovich,Corry.Yerkovich@yopmail.com,1956-03-12,241,94.6654,Chongqing,Guatemala,NI
674,Lilith,Gaspard,Lilith.Gaspard@yopmail.com,1977-12-04,802,72.0619,Havana,Ecuador,NO
675,Clementine,Jagir,Clementine.Jagir@yopmail.com,1922-03-13,822,68.4925,Kinshasa,Norfolk Island,BR
676,Adriana,Noelyn,Adriana.Noelyn@yopmail.com,1904-03-03,396,73.1749,Nukulaelae,Gibraltar,GR
677,Max,Brady,Max.Brady@yopmail.com,1976-10-08,51,46.6301,Gangtok,Greece,LU
678,Sheelagh,Screens,Sheelagh.Screens@yopmail.com,1918-05-26,48,90.2942,Kabul,Fiji,SL
679,Christian,Naor,Christian.Naor@yopmail.com,1980-10-19,987,92.4388,Mwanza,Armenia,UA
680,Melisent,Camden,Melisent.Camden@yopmail.com,2011-02-13,513,76.2579,Thiès,Kuwait,IS
681,Kial,Tice,Kial.Tice@yopmail.com,1920-09-09,412,98.1248,Fort-de-France,Guam,TC
682,Mara,Dawkins,Mara.Dawkins@yopmail.com,1943-08-01,408,60.7765,Damascus,Australia,ZW
683,Charmaine,Faria,Charmaine.Faria@yopmail.com,1905-03-25,556,100.6686,Ipoh,Canada,AL
684,Maryellen,Harned,Maryellen.Harned@yopmail.com,2004-09-11,182,30.0799,Nassau,United States,GL
685,Catrina,Shanley,Catrina.Shanley@yopmail.com,1912-01-19,743,42.8801,Nukus,Namibia,KN
686,Glynnis,Rozanna,Glynnis.Rozanna@yopmail.com,1923-03-03,719,92.885,Lahore,Bangladesh,KG
687,Marguerite,Suanne,Marguerite.Suanne@yopmail.com,2013-10-20,632,61.2556,Ljubljana,Sierra Leone,CZ
688,Steffane,Nahum,Steffane.Nahum@yopmail.com,1921-07-11,377,85.2029,Aberdeen,Barbados,SG
689,Etta,Fleeta,Etta.Fleeta@yopmail.com,1979-06-29,216,94.907,Livingstone,Portugal,GW
690,Cassondra,Borrell,Cassondra.Borrell@yopmail.com,1918-05-08,340,30.5467,Copenhagen,RWANDA,AE
691,Aigneis,Ambrosia,Aigneis.Ambrosia@yopmail.com,1987-12-20,66,78.7257,Düsseldorf,Malawi,JP
692,Doro,Gordon,Doro.Gordon@yopmail.com,2005-08-31,662,54.1755,Kiev,Guernsey,KY
693,Lynea,Bendick,Lynea.Bendick@yopmail.com,1968-11-14,811,57.7966,Brussels,Dominican Republic,DO
694,Jessamyn,Eno,Jessamyn.Eno@yopmail.com,1955-03-17,452,71.8467,Prague,United States,RU
695,Amara,Graig,Amara.Graig@yopmail.com,1982-01-17,90,35.0993,Pontianak,Saudi Arabia,KG
696,Veda,Gwenore,Veda.Gwenore@yopmail.com,1934-10-21,39,96.6048,El Paso,United Arab Emirates,ZA
697,Dorice,Abram,Dorice.Abram@yopmail.com,1926-11-22,607,30.6197,Tirana,Guadeloupe,VG
698,Kristan,Sophronia,Kristan.Sophronia@yopmail.com,1967-10-27,291,96.622,Hai Phong,Bahamas,PK
699,Mildrid,Thomasina,Mildrid.Thomasina@yopmail.com,1977-03-31,493,46.2928,Kota Kinabalu,French Guiana,HT
700,Gusty,Hashim,Gusty.Hashim@yopmail.com,2011-07-03,294,35.779,Funafuti,Nicaragua,YT
701,Tierney,Hylan,Tierney.Hylan@yopmail.com,2000-10-11,553,33.9007,Luxembourg (city),Bulgaria,FO
702,Gilda,Lunsford,Gilda.Lunsford@yopmail.com,1994-02-14,736,40.6325,Ipoh,Georgia,CS
703,Bernie,Allina,Bernie.Allina@yopmail.com,1987-03-27,684,58.6583,Tehran,Bosnia and Herzegovina,ID
704,Jobi,Azeria,Jobi.Azeria@yopmail.com,1936-07-22,636,72.2513,San Carlos de Bariloche,Croatia,MM
705,Cam,Croix,Cam.Croix@yopmail.com,1922-04-19,89,81.9972,São José dos Campos,Vanuatu,NO
706,Chrystel,Buffum,Chrystel.Buffum@yopmail.com,1942-10-31,675,39.0918,Fortaleza,Sudan,AM
707,Reeba,Mauer,Reeba.Mauer@yopmail.com,1961-08-24,554,39.1506,Stepanakert,Chile,LT
708,Ayn,Gordon,Ayn.Gordon@yopmail.com,1962-02-16,738,36.5178,Moscow,United States,AW
709,Maridel,Masao,Maridel.Masao@yopmail.com,1965-12-23,175,37.9013,Philadelphia,Panama,AQ
710,Briney,Bouchard,Briney.Bouchard@yopmail.com,1966-10-14,522,56.649,Iloilo City,Mozambique,GP
711,Katleen,Melan,Katleen.Melan@yopmail.com,1952-04-12,807,38.0492,Ho Chi Minh City,Pakistan,GN
712,Cassandra,Rugen,Cassandra.Rugen@yopmail.com,1947-03-21,940,35.6479,Monrovia,Isle of Man,SC
713,Tami,Socha,Tami.Socha@yopmail.com,1981-05-08,667,58.1422,Pattaya,RWANDA,MK
714,Nelle,Bibi,Nelle.Bibi@yopmail.com,2008-03-17,642,73.3034,Auckland,Kazakhstan,CX
715,Joy,Naor,Joy.Naor@yopmail.com,1961-05-12,429,62.0918,Abuja,Liechtenstein,TH
716,Merci,Tremayne,Merci.Tremayne@yopmail.com,1990-02-07,506,50.3055,Konya,Qatar,GP
717,Janey,Cookie,Janey.Cookie@yopmail.com,1914-04-10,307,38.8106,Sri Jayawardenapura-Kotte,Belgium,FM
718,Jean,Lia,Jean.Lia@yopmail.com,1955-02-01,725,68.8939,Auckland,Haiti,KN
719,Jessamyn,Gert,Jessamyn.Gert@yopmail.com,2016-07-21,502,100.3405,Linz,Qatar,AU
720,Cacilie,Braun,Cacilie.Braun@yopmail.com,1959-12-08,38,60.4607,Portland,Tunisia,GT
721,Vivia,MacIntosh,Vivia.MacIntosh@yopmail.com,2009-08-03,638,53.9799,New York City,Italy,SV
722,Quintina,Alisia,Quintina.Alisia@yopmail.com,2001-04-17,645,31.4887,Marrakech,Sierra Leone,FI
723,Caryl,Kosey,Caryl.Kosey@yopmail.com,1953-08-19,209,83.1303,Port Elizabeth,Guinea-Bissau,BB
724,Giustina,Angelis,Giustina.Angelis@yopmail.com,1993-07-01,727,65.9837,Sapporo,Togo,HK
725,Katharina,Reinke,Katharina.Reinke@yopmail.com,1979-10-19,967,85.8806,Zanzibar City,RWANDA,EE
726,Evaleen,Ilka,Evaleen.Ilka@yopmail.com,1985-04-10,365,57.0636,Buenos Aires,French Polynesia,NP
727,Yolane,Eldrid,Yolane.Eldrid@yopmail.com,1996-06-20,800,64.4476,Yangon,Papua New Guinea,LK
728,Sharai,Bach,Sharai.Bach@yopmail.com,1922-08-05,143,77.0053,Hiroshima,Malawi,UZ
729,Albertina,Lilas,Albertina.Lilas@yopmail.com,1929-11-14,938,37.1477,Boa Vista,Eritrea,EC
730,Rhea,Elisha,Rhea.Elisha@yopmail.com,1930-02-11,880,96.1732,Antwerp,Saint Kitts and Nevis,LS
731,Perry,Bord,Perry.Bord@yopmail.com,2003-07-27,616,48.1098,Norilsk,New Zealand,VE
732,Renae,Heisel,Renae.Heisel@yopmail.com,2013-07-08,439,56.5971,Addis Ababa,Denmark,TZ
733,Joelly,Marden,Joelly.Marden@yopmail.com,1966-05-30,29,37.6612,Surat Thani,Cayman Islands,TD
734,Lauryn,Lay,Lauryn.Lay@yopmail.com,1947-02-05,130,36.6486,Batticaloa,Macao,IN
735,Lynnea,Wesle,Lynnea.Wesle@yopmail.com,1955-07-24,730,43.1648,Miri,Saudi Arabia,SE
736,Karly,Lorain,Karly.Lorain@yopmail.com,1916-02-18,207,72.2989,Guayaquil,Egypt,PE
737,Mellicent,Craggie,Mellicent.Craggie@yopmail.com,1936-02-13,410,46.6072,Medellín,Russian Federation,DM
738,Helena,Schlosser,Helena.Schlosser@yopmail.com,1909-11-30,584,94.3805,Bujumbura,Brazil,SN
739,Maye,Gilbertson,Maye.Gilbertson@yopmail.com,1972-08-10,657,40.1457,Mata-Utu,Jordan,BT
740,Merry,Frodi,Merry.Frodi@yopmail.com,1990-07-18,507,91.8213,Honolulu,Turkmenistan,MM
741,Heida,Jalbert,Heida.Jalbert@yopmail.com,1951-03-16,266,75.8476,Omsk,Gibraltar,PM
742,Camile,Torray,Camile.Torray@yopmail.com,1940-11-09,46,79.4354,Nouméa,Luxembourg,DZ
743,Lulita,Anestassia,Lulita.Anestassia@yopmail.com,1968-05-16,128,37.16,Ashgabat,Cyprus,GN
744,Tami,Carvey,Tami.Carvey@yopmail.com,1935-01-18,605,34.4791,Pyongyang,Cook Islands,AS
745,Wanda,Norvol,Wanda.Norvol@yopmail.com,1953-04-23,583,64.5602,Libreville,Mayotte,GI
746,Ida,Cecile,Ida.Cecile@yopmail.com,1952-11-12,336,91.1352,Casablanca,Mexico,OM
747,Coral,Palocz,Coral.Palocz@yopmail.com,1964-12-27,592,32.1214,Tartu,Bermuda,AS
748,Brena,Klemperer,Brena.Klemperer@yopmail.com,1922-11-08,616,48.912,Kraków,Norfolk Island,GE
749,Maye,Burch,Maye.Burch@yopmail.com,1967-10-11,731,44.7215,Edinburgh,Guyana,MW
750,Dulcinea,Elo,Dulcinea.Elo@yopmail.com,1974-09-11,925,100.7778,Dili,Morocco,PG
751,Devina,Lalitta,Devina.Lalitta@yopmail.com,1986-05-08,29,89.9236,Monterrey,Oman,AW
752,Melodie,Bouchard,Melodie.Bouchard@yopmail.com,1933-11-22,177,72.9526,Zhengzhou,Slovakia,TO
753,Cecile,My,Cecile.My@yopmail.com,1981-01-24,518,47.6169,Cartagena,Lesotho,KP
754,Chloris,Louanna,Chloris.Louanna@yopmail.com,1956-05-15,265,60.48,Tallinn,Monaco,GU
755,Vinita,Bebe,Vinita.Bebe@yopmail.com,1942-06-24,225,32.7549,Quebec City,Kyrgyzstan,DM
756,Molli,Gaspard,Molli.Gaspard@yopmail.com,2010-10-24,931,38.4752,Moroni,Nepal,TR
757,Ardys,Junie,Ardys.Junie@yopmail.com,1956-10-29,970,86.1846,Townsville,Netherlands Antilles,MZ
758,Katharina,Alva,Katharina.Alva@yopmail.com,1956-10-06,612,42.8218,Port Moresby,Algeria,LB
759,Brietta,Sekofski,Brietta.Sekofski@yopmail.com,1991-03-31,363,53.6475,Montevideo,Greece,CH
760,Caryl,Cavan,Caryl.Cavan@yopmail.com,1924-03-15,235,40.2519,Cotonou,Sri Lanka,KR
761,Kylynn,Alfons,Kylynn.Alfons@yopmail.com,1904-01-12,519,50.7501,Bloemfontein,"Iran, Islamic Republic Of",BR
762,Merry,Payson,Merry.Payson@yopmail.com,1906-10-19,982,79.519,Quito,Cayman Islands,WF
763,Lacie,Peg,Lacie.Peg@yopmail.com,1949-10-09,834,94.1293,Timbuktu,Honduras,LK
764,Lynnea,Taima,Lynnea.Taima@yopmail.com,2001-04-12,596,88.5045,Medan,Uruguay,AL
765,Ernesta,Cavan,Ernesta.Cavan@yopmail.com,1985-08-02,215,53.5068,Cairo,Austria,MX
766,Dania,Bebe,Dania.Bebe@yopmail.com,1923-11-02,825,57.3551,Mexico City,Denmark,TM
767,Quintina,Boycey,Quintina.Boycey@yopmail.com,1989-10-21,115,82.9925,Ürümqi,Liechtenstein,SI
768,Selma,Truc,Selma.Truc@yopmail.com,2010-07-10,368,100.5087,Douglas,Switzerland,PW
769,Marika,Jillane,Marika.Jillane@yopmail.com,1947-03-21,621,43.2149,San Carlos de Bariloche,Liberia,ER
770,Catrina,Ashok,Catrina.Ashok@yopmail.com,1935-08-21,530,35.7555,Toronto,Ghana,KG
771,Genevra,Pascia,Genevra.Pascia@yopmail.com,2000-07-07,844,80.4771,Memphis,France,LY
772,Libbie,Sawtelle,Libbie.Sawtelle@yopmail.com,1925-07-20,967,52.3206,Wichita,"Korea, Democratic People""S Republic of",ML
773,Lorne,Armanda,Lorne.Armanda@yopmail.com,1994-11-22,537,93.8068,Providence,Argentina,HR
774,Benita,Noelyn,Benita.Noelyn@yopmail.com,2019-02-07,245,38.0948,Tucson,Greece,UZ
775,Nananne,Rodmann,Nananne.Rodmann@yopmail.com,2003-02-13,523,45.3191,Port Hedland,Venezuela,GF
776,Estell,Lewes,Estell.Lewes@yopmail.com,1968-09-04,898,42.5074,Belmopan,Eritrea,IE
777,Glynnis,Hachmin,Glynnis.Hachmin@yopmail.com,1995-09-25,590,79.7937,Shillong,Guam,ZW
778,Alameda,Pandolfi,Alameda.Pandolfi@yopmail.com,1914-11-04,964,74.4119,Apia,Estonia,HR
779,Stacey,Bari,Stacey.Bari@yopmail.com,1972-06-26,142,78.1914,Gaza,Thailand,SG
780,Ebonee,Firmin,Ebonee.Firmin@yopmail.com,1947-03-02,474,63.7346,Shenyang,United States Minor Outlying Islands,BA
781,Merci,Weinreb,Merci.Weinreb@yopmail.com,2009-08-21,780,33.6691,Honiara,Swaziland,IL
782,Ginnie,Dex,Ginnie.Dex@yopmail.com,2010-07-26,291,62.0307,Macau,"Virgin Islands, U.S.",AN
783,Amelia,Granoff,Amelia.Granoff@yopmail.com,1987-10-24,272,66.9115,Kota Kinabalu,RWANDA,BE
784,Joceline,Olympium,Joceline.Olympium@yopmail.com,1930-02-12,289,34.9095,Kingston,South Georgia and the South Sandwich Islands,CR
785,Andeee,Hilbert,Andeee.Hilbert@yopmail.com,1958-07-17,883,32.0902,Porto-Novo,Guinea,GQ
786,Tracey,Matthew,Tracey.Matthew@yopmail.com,1961-11-17,343,64.6275,Dakar,Kazakhstan,TT
787,Beverley,Baudin,Beverley.Baudin@yopmail.com,1965-05-30,57,77.5667,Fort-de-France,Azerbaijan,UZ
788,Winifred,Serilda,Winifred.Serilda@yopmail.com,1988-03-10,918,82.8688,Banjul,Bangladesh,MX
789,Netty,Anyah,Netty.Anyah@yopmail.com,1913-09-05,773,73.9521,Suva,Nepal,KW
790,Keelia,Carey,Keelia.Carey@yopmail.com,1932-08-23,382,51.3687,Chaguanas,Viet Nam,LC
791,Louella,Ledah,Louella.Ledah@yopmail.com,1933-10-17,24,64.7273,Doha,Ireland,MZ
792,Jacenta,Corilla,Jacenta.Corilla@yopmail.com,1901-11-06,544,99.2934,Recife,Christmas Island,BF
793,Rori,Gavrila,Rori.Gavrila@yopmail.com,2011-11-08,518,60.397,George Town,Indonesia,GB
794,Althea,Podvin,Althea.Podvin@yopmail.com,1946-04-26,621,60.1207,Xining,Kuwait,SZ
795,Ashlee,Lail,Ashlee.Lail@yopmail.com,2000-07-15,513,32.2379,Helsinki,Mexico,KY
796,Cissiee,Mehalek,Cissiee.Mehalek@yopmail.com,1998-05-24,966,61.3471,Adak,"Macedonia, The Former Yugoslav Republic of",CY
797,Laurene,Orpah,Laurene.Orpah@yopmail.com,1950-12-17,220,81.1398,Durban,Uzbekistan,SB
798,Silvana,Norvol,Silvana.Norvol@yopmail.com,1983-12-20,942,34.3182,Basse-Terre,"Virgin Islands, British",FJ
799,Jacenta,Darbie,Jacenta.Darbie@yopmail.com,1988-01-06,469,34.4339,Kota Bharu,Tajikistan,PG
800,Shirlee,Corabella,Shirlee.Corabella@yopmail.com,1974-12-17,743,47.087,Patna,Peru,VU
801,Fernande,Uund,Fernande.Uund@yopmail.com,1952-03-09,1000,54.3396,Maseru,Japan,HT
802,Jenilee,Morrill,Jenilee.Morrill@yopmail.com,1988-05-15,223,42.0274,Shanghai,Portugal,NA
803,Aubrie,Baptlsta,Aubrie.Baptlsta@yopmail.com,1981-12-18,737,51.1297,Sofia,Mexico,WS
804,Rhea,Terencio,Rhea.Terencio@yopmail.com,1978-08-15,675,42.08,Incheon,Bouvet Island,SI
805,Misha,McLaughlin,Misha.McLaughlin@yopmail.com,1914-11-07,43,68.1403,Virginia Beach,Belize,AQ
806,Meriel,Oster,Meriel.Oster@yopmail.com,1929-07-27,64,34.6578,Brazzaville,"Moldova, Republic of",FK
807,Kial,Adalbert,Kial.Adalbert@yopmail.com,1978-08-24,514,44.7531,Riga,Somalia,HR
808,Ethel,Eiser,Ethel.Eiser@yopmail.com,1938-02-19,367,81.5709,Tampere,Wallis and Futuna,SO
809,Alia,Phyllis,Alia.Phyllis@yopmail.com,2010-06-28,205,81.6859,Moroni,Guernsey,SE
810,Donetta,Alwin,Donetta.Alwin@yopmail.com,1973-10-09,117,58.4626,Belize City,Mayotte,BO
811,Oralee,Dominy,Oralee.Dominy@yopmail.com,1954-03-11,788,80.2309,Lhasa,Malawi,BI
812,Valli,Wind,Valli.Wind@yopmail.com,2009-11-02,208,99.1908,Addis Ababa,Thailand,SI
813,Daryl,Izaak,Daryl.Izaak@yopmail.com,2004-03-19,406,82.7229,Mérida,"Moldova, Republic of",GE
814,Gwyneth,Rona,Gwyneth.Rona@yopmail.com,2013-11-08,642,89.704,Chittagong,San Marino,UY
815,Kaia,Penelopa,Kaia.Penelopa@yopmail.com,1927-03-12,186,79.3329,Port of Spain,Slovakia,MT
816,Kenna,Duwalt,Kenna.Duwalt@yopmail.com,1972-01-21,369,34.6755,Malé,Saint Lucia,BB
817,Courtnay,Willie,Courtnay.Willie@yopmail.com,2002-10-04,73,95.7427,Kawasaki,Kazakhstan,CY
818,Fina,Susannah,Fina.Susannah@yopmail.com,1983-12-12,175,35.0517,Maseru,Eritrea,TV
819,Tori,Durante,Tori.Durante@yopmail.com,1935-06-09,724,59.4119,Riga,Jersey,MV
820,Adelle,Yusuk,Adelle.Yusuk@yopmail.com,1937-03-26,87,68.2425,Bangkok,Russian Federation,AZ
821,Bernie,Gaynor,Bernie.Gaynor@yopmail.com,1912-09-21,300,59.197,Wonsan,Panama,HK
822,Kelly,Kelula,Kelly.Kelula@yopmail.com,1978-09-03,364,45.3785,Wollongong,Cape Verde,QA
823,Joleen,Bendick,Joleen.Bendick@yopmail.com,1932-05-31,355,56.7354,Kaesong,Viet Nam,FI
824,Berget,Verger,Berget.Verger@yopmail.com,2016-04-26,574,39.3834,Kobe,Italy,BO
825,Ardys,Carvey,Ardys.Carvey@yopmail.com,1903-11-09,715,92.7247,Ulan Bator,Swaziland,FO
826,Edyth,Karylin,Edyth.Karylin@yopmail.com,2010-10-25,388,36.8425,Road Town,Madagascar,SK
827,Meghann,Malina,Meghann.Malina@yopmail.com,1941-03-25,507,40.7913,Saint Petersburg,Mali,SG
828,Thalia,Giule,Thalia.Giule@yopmail.com,1904-09-28,140,56.2153,Campinas,Mozambique,RW
829,Andeee,Malina,Andeee.Malina@yopmail.com,2017-08-23,877,66.3147,Koror,United Kingdom,IO
830,Ebonee,Truc,Ebonee.Truc@yopmail.com,1997-02-22,377,77.6304,Marrakech,Reunion,NO
831,Lilith,Guthrie,Lilith.Guthrie@yopmail.com,1952-10-31,427,66.3535,Malang,Togo,BH
832,Bibby,Couture,Bibby.Couture@yopmail.com,2019-09-27,340,83.0197,Dubai,Svalbard and Jan Mayen,PS
833,Lonnie,Bethany,Lonnie.Bethany@yopmail.com,1992-03-06,130,51.9317,Shenzhen,Palau,SD
834,Lisette,Kaete,Lisette.Kaete@yopmail.com,1944-02-21,936,71.0592,Castries,Kenya,KY
835,Maisey,Aaberg,Maisey.Aaberg@yopmail.com,2013-06-20,537,37.451,Kaliningrad,Greenland,SY
836,Sibella,Rubie,Sibella.Rubie@yopmail.com,1959-10-31,473,40.9165,Tel Aviv,Gambia,SA
837,Sindee,Elisha,Sindee.Elisha@yopmail.com,1934-04-18,552,37.2566,Koulikoro,Afghanistan,MX
838,Christian,Girardo,Christian.Girardo@yopmail.com,1984-12-20,453,79.7005,Abu Dhabi,South Georgia and the South Sandwich Islands,GH
839,Candy,Old,Candy.Old@yopmail.com,1926-10-02,167,57.7981,Ushuaia,Congo,TZ
840,Madelle,Maiah,Madelle.Maiah@yopmail.com,1973-11-11,815,44.5292,El Aaiún,Pakistan,RE
841,Cathyleen,O'Carroll,Cathyleen.O'Carroll@yopmail.com,1938-09-17,132,98.3034,Brasília,Svalbard and Jan Mayen,VC
842,Arlena,Gregrory,Arlena.Gregrory@yopmail.com,2019-05-05,555,54.3866,Glasgow,Netherlands,ES
843,Madeleine,Ranjiv,Madeleine.Ranjiv@yopmail.com,1962-04-03,96,70.1693,Maceió,Mayotte,MN
844,Livvyy,Arquit,Livvyy.Arquit@yopmail.com,1936-02-05,506,81.7972,Vaduz,Eritrea,LB
845,Edee,Toor,Edee.Toor@yopmail.com,2005-09-12,699,60.7224,Bandung,Sudan,LR
846,Elvira,Ries,Elvira.Ries@yopmail.com,2004-11-18,6,49.4594,Pontianak,United States,YE
847,Eugine,Sheedy,Eugine.Sheedy@yopmail.com,1910-11-11,584,75.406,Abu Dhabi,Qatar,LB
848,Camile,Docilla,Camile.Docilla@yopmail.com,2006-08-02,148,94.9841,Port Elizabeth,Guyana,LV
849,Clary,Afton,Clary.Afton@yopmail.com,1957-01-31,255,85.6973,Hagåtña,Jersey,CU
850,Karena,Levey,Karena.Levey@yopmail.com,1971-05-08,871,53.5773,İzmir,Timor-Leste,JP
851,Tera,Kiersten,Tera.Kiersten@yopmail.com,1920-01-04,70,95.2416,Valparaíso,Afghanistan,LS
852,Allyce,Rosette,Allyce.Rosette@yopmail.com,1984-03-06,220,76.3404,Gothenburg,Czech Republic,VA
853,Abbie,Ajay,Abbie.Ajay@yopmail.com,1957-02-07,720,78.7158,Harbin,AndorrA,ER
854,Edyth,Joni,Edyth.Joni@yopmail.com,2003-05-13,6,75.3579,Bloemfontein,Bulgaria,BN
855,Ingrid,Etom,Ingrid.Etom@yopmail.com,1998-01-21,5,68.2084,Buenos Aires,Sudan,SH
856,Etta,Infield,Etta.Infield@yopmail.com,1966-02-28,774,86.0189,Belize City,"Korea, Democratic People""S Republic of",TK
857,Albertina,Velick,Albertina.Velick@yopmail.com,1969-02-09,642,62.2006,Nashville,Antarctica,TG
858,Isa,Buttaro,Isa.Buttaro@yopmail.com,1907-05-14,442,100.6218,Seoul,Zambia,PF
859,Allis,Aprile,Allis.Aprile@yopmail.com,1983-05-13,242,34.9606,South Tarawa,"Virgin Islands, U.S.",WS
860,Bee,Roarke,Bee.Roarke@yopmail.com,1939-06-05,169,75.2908,Bandung,Zambia,PG
861,Ketti,Hanleigh,Ketti.Hanleigh@yopmail.com,1959-04-26,696,42.0596,Pekanbaru,Mongolia,TR
862,Lisette,Croix,Lisette.Croix@yopmail.com,1949-04-29,169,72.9625,Cairo,Lebanon,DZ
863,Hettie,Hurley,Hettie.Hurley@yopmail.com,1947-04-26,434,89.6065,Cardiff,Austria,NO
864,Edee,Solitta,Edee.Solitta@yopmail.com,1978-12-15,551,49.0947,Hamilton,Latvia,GP
865,Marinna,Rebecka,Marinna.Rebecka@yopmail.com,1974-10-16,84,63.3829,Whitehorse,Liechtenstein,PK
866,Augustine,Payson,Augustine.Payson@yopmail.com,2005-01-21,990,55.5195,Providence,Lesotho,TV
867,Dolli,Tarrant,Dolli.Tarrant@yopmail.com,1951-08-09,120,30.5113,Tel Aviv,"Korea, Republic of",MM
868,Marcy,Jammal,Marcy.Jammal@yopmail.com,1902-06-11,265,68.5116,Lusaka,Syrian Arab Republic,MQ
869,Reeba,Anastatius,Reeba.Anastatius@yopmail.com,1917-07-07,272,74.1724,Majuro,Iceland,SB
870,Kylynn,Billye,Kylynn.Billye@yopmail.com,1976-06-30,938,39.7359,Anchorage,Kazakhstan,US
871,Catharine,Ovid,Catharine.Ovid@yopmail.com,2000-05-02,638,56.2919,Salt Lake City,Guernsey,VE
872,Bibby,Travax,Bibby.Travax@yopmail.com,1975-04-10,489,51.0256,Lucknow,Mexico,LK
873,Dawn,Lareena,Dawn.Lareena@yopmail.com,1920-01-21,258,61.1793,San Antonio,Bangladesh,GF
874,Mamie,Wooster,Mamie.Wooster@yopmail.com,1984-05-15,350,55.7644,Hiroshima,Montserrat,GG
875,Valeda,Swigart,Valeda.Swigart@yopmail.com,1916-05-30,128,86.3665,Vitória,French Guiana,GG
876,Bibby,Tengdin,Bibby.Tengdin@yopmail.com,1926-05-24,448,32.1608,Udon Thani,Netherlands,NF
877,Catrina,Koziara,Catrina.Koziara@yopmail.com,1969-03-17,949,68.4975,Cairo,Norway,PE
878,Susette,Leler,Susette.Leler@yopmail.com,1967-06-18,471,60.1878,Papeete,Ghana,CU
879,Marylou,Tremayne,Marylou.Tremayne@yopmail.com,1958-11-23,920,87.8711,Mersin,"Palestinian Territory, Occupied",GL
880,Basia,Ries,Basia.Ries@yopmail.com,1983-07-13,721,41.1988,Cologne,Saint Pierre and Miquelon,TJ
881,Alexine,Harriman,Alexine.Harriman@yopmail.com,2004-02-12,216,64.8289,Islamabad,Bahamas,FO
882,Desirae,Arne,Desirae.Arne@yopmail.com,1989-12-17,997,37.3377,Toulouse,Kuwait,LI
883,Frieda,Gabrielli,Frieda.Gabrielli@yopmail.com,1902-09-08,302,100.3244,Bratislava,Colombia,SZ
884,Lucy,Fairweather,Lucy.Fairweather@yopmail.com,1936-11-12,237,54.7301,Graz,Uruguay,AS
885,Oralee,Lissi,Oralee.Lissi@yopmail.com,1942-09-27,700,56.686,Shenyang,Malaysia,MA
886,Tatiania,Trey,Tatiania.Trey@yopmail.com,2018-03-31,763,66.2552,Montevideo,"Taiwan, Province of China",CR
887,Phedra,Modie,Phedra.Modie@yopmail.com,1980-07-02,978,42.1115,Boa Vista,New Zealand,KI
888,Olwen,Seagraves,Olwen.Seagraves@yopmail.com,1908-09-27,222,65.1123,Cebu City,Guernsey,NC
889,Chickie,Neva,Chickie.Neva@yopmail.com,2000-09-18,901,50.3373,City of Halifax,Greenland,MO
890,Mildrid,Fillbert,Mildrid.Fillbert@yopmail.com,1970-05-03,215,63.0944,Abuja,Antigua and Barbuda,BT
891,Morganica,Tomasina,Morganica.Tomasina@yopmail.com,1978-01-25,123,100.4835,Palembang,Tunisia,RO
892,Gilligan,Goldina,Gilligan.Goldina@yopmail.com,1914-05-31,782,52.7882,Angra do Heroísmo,Mauritius,TW
893,Shell,Fadiman,Shell.Fadiman@yopmail.com,1925-11-13,253,68.2027,Yekaterinburg,Jersey,AQ
894,Delilah,Bearnard,Delilah.Bearnard@yopmail.com,1982-03-25,537,36.6314,Austin,Western Sahara,MY
895,Jolyn,Robertson,Jolyn.Robertson@yopmail.com,1949-04-20,854,93.6006,Kobe,Luxembourg,AS
896,Blake,Ailyn,Blake.Ailyn@yopmail.com,1918-04-01,738,75.1992,Düsseldorf,Indonesia,SG
897,Allis,Vharat,Allis.Vharat@yopmail.com,2012-07-09,457,68.4328,Darwin,Bahamas,VU
898,Fredericka,Lucienne,Fredericka.Lucienne@yopmail.com,1944-04-30,982,41.1376,Kiev,Afghanistan,NZ
899,Nicoli,Pulsifer,Nicoli.Pulsifer@yopmail.com,1923-01-27,876,78.9982,Port Blair,American Samoa,AS
900,Daune,Christine,Daune.Christine@yopmail.com,1988-11-01,791,71.6218,Surabaya,French Guiana,AR
901,Frank,Lorain,Frank.Lorain@yopmail.com,1974-02-09,544,59.7607,Vaduz,Solomon Islands,TV
902,Katuscha,Kirbee,Katuscha.Kirbee@yopmail.com,2016-05-28,705,43.9554,Tagbilaran,Brazil,JO
903,Paule,Cassius,Paule.Cassius@yopmail.com,1950-06-16,267,52.3772,Funafuti,Brazil,TF
904,Karena,Howlyn,Karena.Howlyn@yopmail.com,1900-10-05,797,40.6734,Istanbul,"Micronesia, Federated States of",LY
905,Jaclyn,Kauppi,Jaclyn.Kauppi@yopmail.com,1987-11-22,764,44.9431,Düsseldorf,Oman,CR
906,Tersina,Regan,Tersina.Regan@yopmail.com,1946-09-26,18,44.4484,Charlotte Amalie,Nauru,NC
907,Judy,MacIntosh,Judy.MacIntosh@yopmail.com,1928-10-22,462,39.6099,Arequipa,Norfolk Island,KP
908,Lesly,Wenoa,Lesly.Wenoa@yopmail.com,1924-01-21,420,40.0509,Melekeok,Somalia,GY
909,Willetta,Chem,Willetta.Chem@yopmail.com,1939-08-31,461,52.1323,Omsk,Monaco,TD
910,Concettina,Wilkinson,Concettina.Wilkinson@yopmail.com,1930-03-12,815,30.4218,Lagos,Croatia,RW
911,Ursulina,Turne,Ursulina.Turne@yopmail.com,1940-08-20,948,100.6063,Hangzhou,Egypt,AI
912,Farrah,Douglass,Farrah.Douglass@yopmail.com,1909-04-13,244,43.6211,Paramaribo,"Tanzania, United Republic of",ST
913,Aurelie,Moina,Aurelie.Moina@yopmail.com,1991-10-12,145,91.1882,Chuí,French Polynesia,VG
914,Brana,Seumas,Brana.Seumas@yopmail.com,1910-11-25,650,34.445,Rabi Island,Zimbabwe,AU
915,Margarette,Leonard,Margarette.Leonard@yopmail.com,1918-08-04,612,64.3356,Gothenburg,Hungary,GQ
916,Rivalee,Kylander,Rivalee.Kylander@yopmail.com,1900-03-19,55,83.1145,Salzburg,Spain,CS
917,Kimberley,Sacken,Kimberley.Sacken@yopmail.com,1900-09-01,595,83.8972,Jerusalem,Ireland,LC
918,Gavrielle,Bevin,Gavrielle.Bevin@yopmail.com,2012-03-16,674,54.7718,Basra,Anguilla,EC
919,Georgina,Goth,Georgina.Goth@yopmail.com,2016-09-10,184,92.1498,Stepanakert,Viet Nam,AT
920,Dulcinea,Gilmour,Dulcinea.Gilmour@yopmail.com,1931-02-14,762,31.657,Funafuti,Ecuador,MU
921,Allyce,Stelle,Allyce.Stelle@yopmail.com,1961-08-26,268,47.2297,Taiyuan,Zimbabwe,NI
922,Jacenta,Raseda,Jacenta.Raseda@yopmail.com,1940-04-13,906,66.6792,Pyongyang,Saint Vincent and the Grenadines,UZ
923,Tori,Erb,Tori.Erb@yopmail.com,1986-12-19,351,73.425,Chongjin,Åland Islands,GU
924,Shannah,Wildermuth,Shannah.Wildermuth@yopmail.com,1924-01-16,734,31.8221,Austin,Chad,TV
925,Dulcinea,Erlandson,Dulcinea.Erlandson@yopmail.com,1989-09-14,682,98.946,Pristina,French Guiana,LU
926,Katleen,Malanie,Katleen.Malanie@yopmail.com,1901-11-16,874,73.4085,Gaza,Lithuania,UA
927,Sindee,Riordan,Sindee.Riordan@yopmail.com,1903-10-22,121,63.5059,Rabi Island,Malaysia,GU
928,Beverley,Payson,Beverley.Payson@yopmail.com,1920-01-30,213,60.452,Thimphu,Falkland Islands (Malvinas),AT
929,Mireielle,Laurianne,Mireielle.Laurianne@yopmail.com,1931-06-18,15,33.1565,Batticaloa,South Africa,CX
930,Lorie,Old,Lorie.Old@yopmail.com,1975-09-25,951,72.6702,Helsinki,Tokelau,GE
931,Deloria,Granoff,Deloria.Granoff@yopmail.com,1943-09-04,301,50.612,Yekaterinburg,Martinique,NL
932,Lucille,Poppy,Lucille.Poppy@yopmail.com,1971-09-15,975,84.1318,Brussels,Malaysia,TC
933,Valera,Ajay,Valera.Ajay@yopmail.com,1900-06-21,553,41.887,George Town,Benin,LV
934,Charlena,McLaughlin,Charlena.McLaughlin@yopmail.com,2001-05-24,175,86.6211,Nukus,"Cote D""Ivoire",KH
935,Jasmina,Boycey,Jasmina.Boycey@yopmail.com,1983-05-03,458,45.5562,Kigali,Croatia,LB
936,Amalie,Posner,Amalie.Posner@yopmail.com,1973-03-20,363,39.6296,Sapporo,AndorrA,BA
937,Candi,Hortensia,Candi.Hortensia@yopmail.com,1963-02-09,860,72.6179,Bishkek,Burkina Faso,SY
938,Almeta,McCutcheon,Almeta.McCutcheon@yopmail.com,2008-07-21,806,66.8979,Palembang,Kiribati,EE
939,Hildegaard,Devlen,Hildegaard.Devlen@yopmail.com,1931-07-11,52,38.5239,Ahmedabad,Liberia,IN
940,Cherilyn,Havens,Cherilyn.Havens@yopmail.com,2003-06-30,641,41.6879,Davao City,Maldives,SD
941,Feliza,Dermott,Feliza.Dermott@yopmail.com,1972-05-05,74,78.4262,Chongjin,Nauru,BH
942,Miquela,Gaal,Miquela.Gaal@yopmail.com,1944-05-05,965,80.2645,Chennai,"Micronesia, Federated States of",KZ
943,Cordi,Marlie,Cordi.Marlie@yopmail.com,1907-04-21,289,39.1113,Willemstad,Dominican Republic,SR
944,Ida,Kevon,Ida.Kevon@yopmail.com,1906-12-18,257,59.3897,Monterrey,Ethiopia,UM
945,Dianemarie,Roche,Dianemarie.Roche@yopmail.com,1962-11-06,730,68.1779,Chaguanas,Bouvet Island,PN
946,Cyndie,Carleen,Cyndie.Carleen@yopmail.com,1922-08-29,385,55.9782,Port Vila,Chad,GF
947,Sam,Weaks,Sam.Weaks@yopmail.com,1971-04-01,533,73.18,Zagreb,Samoa,HK
948,Hildegaard,Elbertina,Hildegaard.Elbertina@yopmail.com,1991-06-14,245,86.5815,Chongqing,Norfolk Island,CR
949,Minda,Dimitris,Minda.Dimitris@yopmail.com,1983-09-09,820,48.7221,Bucharest,"Cote D""Ivoire",AL
950,Debee,Pandolfi,Debee.Pandolfi@yopmail.com,2007-08-03,762,94.3955,Fort-de-France,Gabon,VN
951,Leona,Peonir,Leona.Peonir@yopmail.com,1906-08-26,146,81.8824,Willemstad,Haiti,KN
952,Hallie,Socha,Hallie.Socha@yopmail.com,1995-06-06,300,80.4313,Campo Grande,French Southern Territories,CR
953,Nannie,Winthorpe,Nannie.Winthorpe@yopmail.com,2002-04-02,532,58.0568,Avarua,Heard Island and Mcdonald Islands,NO
954,Dacia,Bryna,Dacia.Bryna@yopmail.com,1947-05-31,326,91.4179,Baku,Guatemala,KI
955,Genevra,Carey,Genevra.Carey@yopmail.com,1939-02-26,770,70.86,Aberdeen,Papua New Guinea,TG
956,Lorie,Cohdwell,Lorie.Cohdwell@yopmail.com,1930-09-13,684,57.1882,Roseau,Ecuador,AO
957,Tera,Artie,Tera.Artie@yopmail.com,1904-01-05,262,57.9509,Malabo,Iceland,CR
958,Dale,O'Carroll,Dale.O'Carroll@yopmail.com,1988-04-16,938,70.3578,St. John's,Saint Lucia,VC
959,Janey,Parsaye,Janey.Parsaye@yopmail.com,1964-06-01,209,53.9714,Osaka,Saint Vincent and the Grenadines,AI
960,Beth,Wandie,Beth.Wandie@yopmail.com,1981-07-03,109,92.768,Sri Jayawardenapura-Kotte,Palau,GY
961,Sean,Ader,Sean.Ader@yopmail.com,1978-02-06,606,37.067,Barranquilla,Burkina Faso,AE
962,Edith,Kress,Edith.Kress@yopmail.com,2002-07-14,655,84.5823,Quezon City,Bangladesh,MN
963,Julieta,Barney,Julieta.Barney@yopmail.com,1961-08-06,614,70.6252,Jerusalem,Haiti,MU
964,Reeba,Wesle,Reeba.Wesle@yopmail.com,1917-11-29,817,72.8962,Winnipeg,Latvia,AF
965,Rivalee,Berriman,Rivalee.Berriman@yopmail.com,1936-09-27,38,76.852,Pelotas,Senegal,NG
966,Ezmeralda,Carvey,Ezmeralda.Carvey@yopmail.com,1927-04-17,861,96.4453,Srinagar,France,NG
967,Sallie,Kirstin,Sallie.Kirstin@yopmail.com,1939-06-05,436,61.2842,Mecca,Togo,GM
968,Mariele,Nickola,Mariele.Nickola@yopmail.com,1936-04-22,940,65.0414,Charlottetown,Cambodia,GU
969,Aili,Sinegold,Aili.Sinegold@yopmail.com,1948-12-07,643,73.4143,Hilo,Zambia,CN
970,Ellette,Jaylene,Ellette.Jaylene@yopmail.com,1955-02-03,510,46.4435,Iloilo City,Central African Republic,GA
971,Inga,Gladstone,Inga.Gladstone@yopmail.com,1963-03-22,375,58.4083,Yerevan,Gibraltar,GP
972,Karlee,Ferrell,Karlee.Ferrell@yopmail.com,1916-05-05,415,48.9836,Sacramento,British Indian Ocean Territory,IS
973,Codie,Lewes,Codie.Lewes@yopmail.com,1900-04-03,456,68.0013,Anadyr (town),El Salvador,BH
974,Ayn,Therine,Ayn.Therine@yopmail.com,1999-05-02,365,41.1447,Fukuoka,Cape Verde,GE
975,Dacia,Hazlett,Dacia.Hazlett@yopmail.com,1920-11-06,188,31.2525,Kigali,"Moldova, Republic of",CY
976,Doro,Dorothy,Doro.Dorothy@yopmail.com,1955-03-08,57,90.3749,Belmopan,Ghana,KE
977,Dari,Engdahl,Dari.Engdahl@yopmail.com,1928-04-16,671,77.4174,Guadalajara,Pitcairn,EH
978,Leanna,Nikaniki,Leanna.Nikaniki@yopmail.com,1941-11-04,173,48.4074,Rio Branco,Guyana,LA
979,Verla,Dosia,Verla.Dosia@yopmail.com,1980-03-24,48,95.0213,Nukulaelae,Mauritania,VN
980,Ilse,Kolnick,Ilse.Kolnick@yopmail.com,1915-10-06,475,80.5814,Tiraspol,Suriname,BD
981,Wynne,Bashemeth,Wynne.Bashemeth@yopmail.com,1957-10-08,558,57.8629,Las Vegas,Finland,PE
982,Monika,Quinn,Monika.Quinn@yopmail.com,1973-12-18,654,47.7269,Monterrey,Palau,IO
983,Dari,Bollay,Dari.Bollay@yopmail.com,1948-10-30,291,41.3798,Sri Jayawardenapura-Kotte,Saint Pierre and Miquelon,BY
984,Desirae,Liebermann,Desirae.Liebermann@yopmail.com,1922-04-18,368,61.4203,Incheon,South Africa,GP
985,Pamella,Vharat,Pamella.Vharat@yopmail.com,1929-10-30,650,38.3483,Kunming,Belgium,TK
986,Isa,Belanger,Isa.Belanger@yopmail.com,1933-07-18,494,99.2299,Muscat,Peru,SY
987,Candi,Penelopa,Candi.Penelopa@yopmail.com,1997-03-16,415,52.2009,Balikpapan,Poland,ID
988,Alejandra,Crudden,Alejandra.Crudden@yopmail.com,1981-03-20,556,32.9689,Chennai,Equatorial Guinea,QA
989,Sheelagh,Dorine,Sheelagh.Dorine@yopmail.com,1993-09-06,481,30.4283,Accra,Pitcairn,AG
990,Lanna,Wu,Lanna.Wu@yopmail.com,1902-10-05,302,52.1337,Mersin,Swaziland,GF
991,Grier,Himelman,Grier.Himelman@yopmail.com,1950-06-30,266,93.5686,Nanjing,Mauritius,SH
992,Marsiella,Presber,Marsiella.Presber@yopmail.com,1913-06-20,74,86.6446,Douglas,Wallis and Futuna,DE
993,Deloria,Lubin,Deloria.Lubin@yopmail.com,1993-09-24,100,90.3808,Seville,Mongolia,AG
994,Jerry,McNully,Jerry.McNully@yopmail.com,1924-03-27,869,85.7257,Dunedin,Botswana,PH
995,Madeleine,Sisile,Madeleine.Sisile@yopmail.com,2017-05-07,713,69.1748,Melekeok,Mali,SR
996,Kore,Weinreb,Kore.Weinreb@yopmail.com,1918-07-19,311,55.5343,Ludhiana,Luxembourg,BI
997,Hayley,Vivle,Hayley.Vivle@yopmail.com,1952-01-22,45,33.795,Charlotte Amalie,Belarus,BV
998,Lolita,Mike,Lolita.Mike@yopmail.com,1939-06-27,210,69.4407,Koulikoro,Slovenia,GN
999,Eolanda,Douglass,Eolanda.Douglass@yopmail.com,1965-03-22,68,40.6564,Nagpur,Madagascar,AO
1000,Belva,Alrich,Belva.Alrich@yopmail.com,2007-05-30,394,34.9806,Oklahoma City,Palau,YE
1001,Wanda,Lissi,Wanda.Lissi@yopmail.com,1911-10-31,758,65.8485,St. John's,Afghanistan,BO
1002,Jinny,Kiersten,Jinny.Kiersten@yopmail.com,1947-05-23,838,91.7563,City of San Marino,Pitcairn,ET
1003,Oralee,Vivle,Oralee.Vivle@yopmail.com,1938-12-07,685,52.0272,La Paz,China,BY
1004,Angelique,Maurine,Angelique.Maurine@yopmail.com,1987-04-19,398,48.8669,Nakhon Ratchasima,Papua New Guinea,NR
1005,Albertina,Ophelia,Albertina.Ophelia@yopmail.com,2004-12-17,587,37.5095,Vientiane,Tonga,DE
1006,Hope,Tufts,Hope.Tufts@yopmail.com,1913-12-16,645,90.0185,Antofagasta,Northern Mariana Islands,US
1007,Daune,Ardeha,Daune.Ardeha@yopmail.com,1993-05-28,634,55.5213,Hanover,Tunisia,SK
1008,Henriette,Liva,Henriette.Liva@yopmail.com,1974-07-13,793,37.9323,Hai Phong,Antigua and Barbuda,KG
1009,Basia,Maiah,Basia.Maiah@yopmail.com,2013-09-01,326,96.7093,Nizhny Novgorod,Barbados,BZ
1010,Verla,Ciapas,Verla.Ciapas@yopmail.com,1957-08-24,879,40.3102,Düsseldorf,Papua New Guinea,AG
1011,Luci,Ardeha,Luci.Ardeha@yopmail.com,1961-06-08,463,31.9568,Pelotas,Norway,IL
1012,Beth,Ajay,Beth.Ajay@yopmail.com,1971-04-22,516,32.7119,Adelaide,Uganda,MY
1013,Alie,Maroney,Alie.Maroney@yopmail.com,1988-01-19,950,91.9647,Hamburg,Cayman Islands,TH
1014,Elyssa,Herrera,Elyssa.Herrera@yopmail.com,1941-03-15,818,55.3781,Serekunda,Niue,CL
1015,Basia,Faro,Basia.Faro@yopmail.com,1948-01-28,691,64.6925,Chiang Mai,Netherlands,MP
1016,Micheline,Claudine,Micheline.Claudine@yopmail.com,2009-03-16,891,98.0666,Shillong,Malaysia,HU
1017,Deirdre,Maurine,Deirdre.Maurine@yopmail.com,1992-12-06,600,51.7621,Arequipa,Kenya,AO
1018,Theodora,Philoo,Theodora.Philoo@yopmail.com,1965-05-26,691,48.7909,Ludhiana,Libyan Arab Jamahiriya,BY
1019,Hayley,Alejoa,Hayley.Alejoa@yopmail.com,1961-08-19,685,89.3449,Yerevan,Lesotho,KY
1020,Silvana,Muriel,Silvana.Muriel@yopmail.com,1990-03-08,325,97.283,Changchun,Saint Lucia,MY
1021,Gratia,Ovid,Gratia.Ovid@yopmail.com,1913-07-31,768,99.2516,Kingston,Bulgaria,GA
1022,Dotty,O'Rourke,Dotty.O'Rourke@yopmail.com,1978-09-07,619,100.1274,Gold Coast,Svalbard and Jan Mayen,EG
1023,Nannie,Delp,Nannie.Delp@yopmail.com,1996-11-22,115,89.3468,Atlanta,Saint Pierre and Miquelon,TH
1024,Maye,Infield,Maye.Infield@yopmail.com,2013-10-15,921,33.3502,Thessaloniki,Cameroon,GR
1025,Randa,Adore,Randa.Adore@yopmail.com,1923-06-11,719,46.5067,Rosario,Nicaragua,SD
1026,Carolina,Claudine,Carolina.Claudine@yopmail.com,1996-09-02,818,31.9251,Phnom Penh,United Arab Emirates,ZM
1027,Petronia,Kalinda,Petronia.Kalinda@yopmail.com,1913-11-04,8,72.375,Málaga,Grenada,SO
1028,Marinna,Nea,Marinna.Nea@yopmail.com,1993-03-25,767,62.7137,Road Town,Finland,NP
1029,Dawn,Elsinore,Dawn.Elsinore@yopmail.com,2013-09-17,787,99.1206,Chişinău,Congo,IQ
1030,Molli,Kosey,Molli.Kosey@yopmail.com,1911-08-16,722,35.4281,Virginia Beach,Guernsey,UM
1031,Joeann,Gavrila,Joeann.Gavrila@yopmail.com,1978-07-09,566,56.8734,San Diego,Monaco,AU
1032,Gilda,Ursulette,Gilda.Ursulette@yopmail.com,1955-12-06,799,54.1239,Berlin,Sweden,KM
1033,Dawn,MacIntosh,Dawn.MacIntosh@yopmail.com,1985-06-29,339,97.5404,Anchorage,Finland,DE
1034,Willetta,Jaylene,Willetta.Jaylene@yopmail.com,1991-09-13,253,54.9813,Siem Reap,Saint Pierre and Miquelon,AG
1035,Rosabelle,Tybald,Rosabelle.Tybald@yopmail.com,1914-07-12,697,89.5362,Jeddah,"Palestinian Territory, Occupied",GT
1036,Leanna,Earlie,Leanna.Earlie@yopmail.com,1949-09-27,446,33.1807,Dibrugarh,Saint Vincent and the Grenadines,NI
1037,Jennica,O'Rourke,Jennica.O'Rourke@yopmail.com,1980-10-31,484,73.1375,Bangui,Angola,AN
1038,Ida,Orpah,Ida.Orpah@yopmail.com,1902-04-22,30,64.0836,Toronto,Turkey,IE
1039,Kimberley,Hirsch,Kimberley.Hirsch@yopmail.com,1985-09-17,625,66.7158,Dubai,Nepal,PT
1040,Paulita,Posner,Paulita.Posner@yopmail.com,1933-07-10,167,70.6895,Fukuoka,Antarctica,SC
1041,Corly,Zeeba,Corly.Zeeba@yopmail.com,1906-06-02,347,91.0803,Charlottetown,Peru,PN
1042,Elfreda,Hessler,Elfreda.Hessler@yopmail.com,1921-09-25,170,61.8295,Sofia,United Arab Emirates,QA
1043,Collen,Blake,Collen.Blake@yopmail.com,1909-09-27,613,48.3192,Okinawa,Ethiopia,BW
1044,Nollie,Brittani,Nollie.Brittani@yopmail.com,2003-12-27,251,95.0071,Fortaleza,AndorrA,CX
1045,Elvira,Killigrew,Elvira.Killigrew@yopmail.com,1977-12-29,118,74.7783,Kinshasa,Samoa,PY
1046,Georgetta,Radu,Georgetta.Radu@yopmail.com,1993-08-12,563,57.6746,Frankfurt,"Palestinian Territory, Occupied",TJ
1047,Asia,Juan,Asia.Juan@yopmail.com,1950-04-09,798,96.7219,Tagbilaran,Algeria,SR
1048,Siana,Corilla,Siana.Corilla@yopmail.com,2018-11-23,461,39.0974,Baltimore,"Macedonia, The Former Yugoslav Republic of",TO
1049,Theodora,Hortensia,Theodora.Hortensia@yopmail.com,1999-04-22,158,79.5921,Boston,Cameroon,SJ
1050,Roxane,Honoria,Roxane.Honoria@yopmail.com,1915-05-15,17,43.9527,Quito,Guatemala,MY
1051,Carly,Edison,Carly.Edison@yopmail.com,1909-06-17,852,45.7677,Libreville,Malta,AI
1052,Modestia,Alwin,Modestia.Alwin@yopmail.com,1934-08-24,986,94.2037,Majuro,Malaysia,CG
1053,Catrina,Harday,Catrina.Harday@yopmail.com,2010-04-26,476,63.7799,Labasa,Papua New Guinea,AF
1054,Karena,Haldas,Karena.Haldas@yopmail.com,2018-04-17,95,68.5617,Kolkata,Netherlands Antilles,KY
1055,Larine,Anselmi,Larine.Anselmi@yopmail.com,1979-02-23,64,67.1549,Kaliningrad,American Samoa,SD
1056,Elmira,Sabella,Elmira.Sabella@yopmail.com,1901-11-02,477,49.49,Lubumbashi,Barbados,AX
1057,Mary,Grimbly,Mary.Grimbly@yopmail.com,1962-07-16,993,95.3927,Luxembourg (city),Ukraine,TV
1058,Celestyna,Haerr,Celestyna.Haerr@yopmail.com,1981-11-29,472,71.1312,Dodoma,China,CD
1059,Inga,Philipp,Inga.Philipp@yopmail.com,1905-05-28,238,77.5264,Adak,Netherlands,VE
1060,Trudie,Tremayne,Trudie.Tremayne@yopmail.com,1929-02-19,708,30.1925,Memphis,Kenya,MY
1061,Nerta,Durante,Nerta.Durante@yopmail.com,1910-04-16,125,62.9309,Nagoya,Mauritania,GF
1062,Kial,Friede,Kial.Friede@yopmail.com,1936-07-04,832,72.2319,Stanley,Guadeloupe,TG
1063,Vanessa,Delp,Vanessa.Delp@yopmail.com,1942-03-24,225,64.1072,Guatemala City,Tunisia,MO
1064,Robinia,Medrek,Robinia.Medrek@yopmail.com,2010-11-06,626,33.2336,Melekeok,Malaysia,GM
1065,Abbie,Madox,Abbie.Madox@yopmail.com,2008-06-08,415,92.133,Kuala Lumpur,Wallis and Futuna,MC
1066,Lanna,Afton,Lanna.Afton@yopmail.com,1904-04-18,152,67.1139,London,Ireland,PS
1067,Ardys,Evangelia,Ardys.Evangelia@yopmail.com,1938-09-02,521,37.6623,Tartu,Poland,ZA
1068,Mellicent,Fax,Mellicent.Fax@yopmail.com,2005-07-18,473,45.444,Nantes,Iraq,RO
1069,Christian,Atonsah,Christian.Atonsah@yopmail.com,1964-12-13,702,39.1446,Nantes,Greece,QA
1070,Marjie,Pernick,Marjie.Pernick@yopmail.com,1986-06-09,937,37.1416,Udon Thani,Bouvet Island,CH
1071,Josephine,Bury,Josephine.Bury@yopmail.com,1919-03-10,903,95.6463,Anchorage,"Micronesia, Federated States of",GH
1072,Jordan,Prouty,Jordan.Prouty@yopmail.com,1973-02-04,276,80.1675,Rio Branco,Peru,ST
1073,Jacenta,Gilmour,Jacenta.Gilmour@yopmail.com,1936-04-27,692,40.7904,Rio de Janeiro,Hong Kong,VC
1074,Julieta,Read,Julieta.Read@yopmail.com,1926-02-27,667,51.7631,Castries,Svalbard and Jan Mayen,AF
1075,Meriel,Boehike,Meriel.Boehike@yopmail.com,2009-05-22,82,83.4362,Oklahoma City,Bahrain,DZ
1076,Aryn,Kylander,Aryn.Kylander@yopmail.com,1970-05-17,626,33.9579,Wellington,Angola,SD
1077,Joy,Sekofski,Joy.Sekofski@yopmail.com,1923-06-08,420,46.9751,Novosibirsk,Bahamas,NC
1078,Ardeen,Prouty,Ardeen.Prouty@yopmail.com,1934-03-21,555,99.5611,Hanover,Cape Verde,MT
1079,Oona,Fax,Oona.Fax@yopmail.com,1909-05-18,334,68.7566,Santa Cruz de la Sierra,Grenada,BN
1080,Micheline,Fairweather,Micheline.Fairweather@yopmail.com,1914-06-07,473,35.8495,Castries,Tuvalu,IO
1081,Wileen,Strephon,Wileen.Strephon@yopmail.com,1917-12-29,839,85.3907,Auckland,Nauru,HT
1082,Brynna,Franza,Brynna.Franza@yopmail.com,2008-06-10,79,38.3326,Pontianak,Zambia,BY
1083,Alia,Woodberry,Alia.Woodberry@yopmail.com,1987-04-20,723,40.7545,Addis Ababa,Nigeria,AW
1084,Shandie,Donell,Shandie.Donell@yopmail.com,2009-07-07,607,58.0803,Athens,San Marino,EG
1085,Neila,Blisse,Neila.Blisse@yopmail.com,1945-09-27,702,69.4478,Douala,Uganda,VU
1086,Hermione,Olnee,Hermione.Olnee@yopmail.com,1912-08-22,438,59.0676,Willemstad,Maldives,NO
1087,Sherrie,Secrest,Sherrie.Secrest@yopmail.com,1934-02-28,140,75.8938,Dongguan,French Guiana,PN
1088,Mireielle,Bearnard,Mireielle.Bearnard@yopmail.com,1950-03-06,508,66.9364,Wonsan,Niger,BA
1089,Kellen,Allina,Kellen.Allina@yopmail.com,1991-11-19,352,64.8934,Harbin,Faroe Islands,CD
1090,Anestassia,Koziara,Anestassia.Koziara@yopmail.com,1977-05-05,495,49.5296,Macau,Niger,MH
1091,Ernesta,Ralfston,Ernesta.Ralfston@yopmail.com,2008-08-26,487,46.6019,Cincinnati,Ukraine,LK
1092,Bibby,Thar,Bibby.Thar@yopmail.com,1978-02-06,720,46.3895,Kinshasa,Ghana,AL
1093,Amii,Jacobah,Amii.Jacobah@yopmail.com,1907-08-19,222,34.4736,Gothenburg,Uruguay,PE
1094,Rosabelle,Durante,Rosabelle.Durante@yopmail.com,1958-09-17,506,95.9307,Auckland,Brazil,PF
1095,Carree,Leonard,Carree.Leonard@yopmail.com,1958-04-29,589,82.1059,Belgrade,Greece,MQ
1096,Rivalee,Doig,Rivalee.Doig@yopmail.com,2016-07-12,626,64.1936,Kharkiv,"Lao People""S Democratic Republic",KI
1097,Cordi,Berl,Cordi.Berl@yopmail.com,1916-07-15,607,67.4668,La Paz,Albania,JM
1098,Daune,Goerke,Daune.Goerke@yopmail.com,1972-12-23,855,38.0487,Namangan,Uzbekistan,GM
1099,Tera,Lilas,Tera.Lilas@yopmail.com,1976-02-24,663,92.45,Asunción,Togo,BA